t,SNR
0,15.0930750827902
0.005,14.9491923373157
0.01,14.2085428307175
0.015,13.1245080118992
0.02,11.3933073699469
0.025,8.91282664175156
0.03,6.81921063629963
0.035,7.04509732173572
0.04,9.2961535217681
0.045,11.709533515833
0.05,13.2499439544487
0.055,14.4334620170557
0.06,15.0098030691977
0.065,15.1315040126914
0.07,14.8283478491035
0.075,14.0512449399477
0.08,12.7519174977583
0.085,11.0404705037509
0.09,8.72984877612255
0.095,6.89033858199035
0.1,7.33987480568317
0.105,9.55730668980399
0.11,11.5977298019308
0.115,13.2782909354727
0.12,14.3978988356245
0.125,14.9850941962475
0.13,15.1783354624948
0.135,14.9894890832301
0.14,14.4076819409119
0.145,13.2975509541076
0.15,11.7846976836354
0.155,9.81597469293669
0.16,7.77605002767523
0.165,7.01857147836374
0.17,8.39373477800287
0.175,10.3374484007331
0.18,12.2111968501477
0.185,13.7063249448106
0.19,14.5522645910185
0.195,15.0485991232197
0.2,15.2166551194864
0.205,15.006160910195
0.21,14.405426979973
0.215,13.485427831594
0.22,12.1822258929014
0.225,10.4954013397814
0.23,8.44858845084835
0.235,7.25022283552909
0.24,7.78653082327936
0.245,9.7037807997396
0.25,11.3710613019141
0.255,12.8811504548172
0.26,13.9988697651645
0.265,14.7987895667865
0.27,15.1582582947266
0.275,15.2485017896662
0.28,15.0216703841257
0.285,14.4692988607124
0.29,13.6664775343605
0.295,12.4255095873734
0.3,10.9705215559137
0.305,9.13990197531358
0.31,7.0079516635324
0.315,4.722641027111
0.32,5.01608629946432
0.325,5.55945914015716
0.33,10.8814648095081
0.335,13.4045485903916
0.34,14.9492802023234
0.345,16.2429483089463
0.35,16.5344923463212
0.355,15.6748830507424
0.36,14.2989594139804
0.365,13.1096920630317
0.37,12.7493767235714
0.375,12.4366015924109
0.38,12.2690579042905
0.385,12.7261385561185
0.39,11.6881319992163
0.395,11.4090057521705
0.4,9.83526388827278
0.405,12.3372452715835
0.41,11.3675671921292
0.415,11.4825998815986
0.42,11.4984097339915
0.425,12.1255503498769
0.43,12.7939508867829
0.435,14.2246980242381
0.44,15.6281408421391
0.445,15.9288983982701
0.45,16.2308566252804
0.455,15.7524437861572
0.46,15.1571510856531
0.465,13.7961569827337
0.47,12.334502085703
0.475,10.6248041137075
0.48,9.07991839817075
0.485,8.27671228030648
0.49,8.29898973258567
0.495,8.38946019774082
0.5,9.27967019711642
0.505,10.9282751110941
0.51,12.0807035415159
0.515,12.5727036995645
0.52,13.6563176927098
0.525,13.5993953293871
0.53,13.5196187115739
0.535,13.9397516292932
0.54,14.269528881173
0.545,14.4551397409955
0.55,15.1359654828623
0.555,15.6265780249069
0.56,16.1930840823526
0.565,15.6724388965494
0.57,15.4873603006734
0.575,14.5136012767683
0.58,13.3036536756264
0.585,12.2351578614123
0.59,11.1832306118655
0.595,10.5314556079479
0.6,9.76291343385594
0.605,9.69611652877497
0.61,9.47215205689503
0.615,9.2645069777286
0.62,9.3327110372372
0.625,9.32338703109589
0.63,9.76059616952706
0.635,10.3642671767006
0.64,10.6764885119296
0.645,11.2558461881137
0.65,11.9867742256578
0.655,12.7095911736064
0.66,13.5479212565628
0.665,14.1619183688497
0.67,14.7106113455379
0.675,15.0908017179168
0.68,15.2203624956411
0.685,15.1644764486816
0.69,15.272709609835
0.695,15.2568676127355
0.7,15.2119368832778
0.705,15.2702684976055
0.71,15.2435039852488
0.715,15.1156026625063
0.72,14.9925524551208
0.725,14.8065757868408
0.73,14.540262488397
0.735,14.2030461752935
0.74,13.8226174055972
0.745,13.442029055013
0.75,13.0267624714734
0.755,12.5971931507958
0.76,12.1180988647643
0.765,11.7590262802964
0.77,11.1610468025995
0.775,10.7069174729678
0.78,10.2626355151691
0.785,9.98011073617918
0.79,9.44541011465911
0.795,9.15230843562763
0.8,8.68361515818492
0.805,8.33215797209725
0.81,8.04752428237862
0.815,8.19946064033388
0.82,8.44684386580531
0.825,8.63335179101773
0.83,8.7336989856788
0.835,8.67086353290694
0.84,8.79612593021881
0.845,8.68992007698175
0.85,9.22324700438389
0.855,9.64911912513054
0.86,10.0829315493309
0.865,10.3922801287767
0.87,10.3857472416032
0.875,10.4366267350008
0.88,10.4584723069784
0.885,10.7738911260431
0.89,11.1282541572169
0.895,11.6766033718615
0.9,11.6952006935658
0.905,11.3201149627322
0.91,11.1805276185439
0.915,11.386938496127
0.92,11.9640284599314
0.925,12.384949034374
0.93,12.3269238257077
0.935,11.7596589382397
0.94,11.5283307588559
0.945,12.1523301713245
0.95,12.5452682451321
0.955,12.1386984212163
0.96,11.8196384273007
0.965,11.6890130225278
0.97,11.9448387312028
0.975,12.4017680527358
0.98,12.1783545751516
0.985,11.750095708346
0.99,11.3260590064463
0.995,11.2446917608998
1,11.7573250493042
1.005,11.5957318446303
1.01,11.118255362944
1.015,10.32409880129
1.02,10.5514214229128
1.025,11.6789108977089
1.03,10.693075933968
1.035,9.36017826450176
1.04,9.4964947842913
1.045,10.5338625629401
1.05,9.7388848281941
1.055,8.37735189801717
1.06,8.72092038543883
1.065,9.61228698408783
1.07,8.35654309714025
1.075,7.51030115254758
1.08,8.35821519974569
1.085,9.09697284575685
1.09,8.76219617048417
1.095,8.19857883258929
1.1,8.54140256382848
1.105,9.99889670394731
1.11,9.65721057431273
1.115,8.95759930536367
1.12,12.0206185417115
1.125,10.6470564831608
1.13,10.4518198457134
1.135,11.9811430201821
1.14,12.4046022379473
1.145,12.6852165468735
1.15,12.6881837324094
1.155,13.4129630868868
1.16,14.1022856044145
1.165,14.5161729137631
1.17,14.1649350634733
1.175,15.0790105720195
1.18,14.760375930416
1.185,15.2803198299826
1.19,15.9023857816478
1.195,15.6692958791381
1.2,15.0016003888955
1.205,14.0505759441306
1.21,16.3186637211728
1.215,15.390490427667
1.22,15.3483044949098
1.225,14.5705675773028
1.23,11.6389628588153
1.235,13.7880200181754
1.24,14.6600517248846
1.245,13.4602230478262
1.25,13.136095344527
1.255,11.1001270739014
1.26,6.09715749707763
1.265,9.66511777512117
1.27,9.7861955091727
1.275,8.07123621134301
1.28,7.60022773479939
1.285,7.33070988628106
1.29,6.829385884576
1.295,11.0673748340306
1.3,6.45539417235109
1.305,6.46545255147987
1.31,12.3745137906068
1.315,12.7205103685118
1.32,14.272681693325
1.325,14.0668118398467
1.33,12.5502421124245
1.335,14.3489783444224
1.34,11.640222387969
1.345,14.6775648329732
1.35,15.6971126719754
1.355,15.7559736220071
1.36,15.3528310455621
1.365,16.9863347560093
1.37,15.044605601881
1.375,15.3398866060146
1.38,13.4366091994104
1.385,10.310596762137
1.39,11.0597524200237
1.395,10.88594746731
1.4,8.7547879772403
1.405,14.0803617793601
1.41,9.10145595230441
1.415,8.7909991106911
1.42,5.38637751741264
1.425,11.8942460567975
1.43,12.6428137118247
1.435,14.0150554755769
1.44,15.0307888995498
1.445,14.7769512801667
1.45,15.5964969631973
1.455,14.8087379952781
1.46,15.3348930876904
1.465,15.8155391631171
1.47,15.808309439876
1.475,14.4756455050406
1.48,10.1394972861917
1.485,11.6763480391153
1.49,9.99083744251594
1.495,8.88371960005819
1.5,9.86996222900711
1.505,8.88606383973598
1.51,7.76088729040326
1.515,10.4868321563132
1.52,12.8373560539299
1.525,12.9542886429336
1.53,14.1524811155314
1.535,12.1182185540877
1.54,14.4819147434716
1.545,14.0610405473135
1.55,15.2676563949211
1.555,14.5290510354935
1.56,14.4024650299605
1.565,14.0131563065702
1.57,11.0726423490133
1.575,11.37364287423
1.58,8.32798020393223
1.585,6.30236464637849
1.59,8.82537929416512
1.595,7.86655497437164
1.6,11.4472804705041
1.605,12.5740691355618
1.61,13.8018901401884
1.615,14.505272720746
1.62,14.7328614970527
1.625,15.5494724675339
1.63,15.4720094293787
1.635,15.2046666229667
1.64,14.0964133890902
1.645,14.229351671122
1.65,11.9817085370848
1.655,10.4807024030457
1.66,8.11917566011005
1.665,7.45303306642032
1.67,7.37008322216208
1.675,11.1508948406021
1.68,11.1543822787942
1.685,12.9262677852803
1.69,13.3563082879643
1.695,15.8189744531072
1.7,13.9682215247349
1.705,15.6699707420904
1.71,15.1468793182773
1.715,13.8951659723911
1.72,11.9857661235471
1.725,9.61250297042237
1.73,9.85222050714077
1.735,6.78879307038326
1.74,6.46928852162858
1.745,9.81563635479685
1.75,10.5243196922201
1.755,13.1151957030422
1.76,13.4546154583385
1.765,15.1605051853247
1.77,15.600124834703
1.775,15.4381853870965
1.78,13.8354173869197
1.785,13.3934669536176
1.79,13.1329638561278
1.795,11.8074030909172
1.8,7.01868000579938
1.805,6.90185173078298
1.81,9.1292820496229
1.815,10.0672701201177
1.82,14.1439364793281
1.825,14.0897388679392
1.83,14.2290436942235
1.835,15.2358420677211
1.84,14.8136985539259
1.845,15.3161636885144
1.85,14.0247029372783
1.855,12.1918377157781
1.86,11.6830720376205
1.865,6.96524035342406
1.87,7.26984461264797
1.875,8.48263187958668
1.88,11.072123066242
1.885,12.4873084815185
1.89,13.0084779991914
1.895,14.5734920644804
1.9,17.4661302589948
1.905,16.1086510267129
1.91,14.1312711188474
1.915,13.6189922475142
1.92,11.3864689235515
1.925,8.05155973271646
1.93,5.72752696614744
1.935,4.94302519078266
1.94,8.70759637654091
1.945,12.1881552462637
1.95,13.9306385574098
1.955,15.4430646326431
1.96,15.2995601138859
1.965,14.7233516358215
1.97,13.5880182348323
1.975,13.1324919486612
1.98,10.9333914460874
1.985,7.4751450021456
1.99,4.99727113309609
1.995,7.62339216641701
2,6.27263127139747
2.005,11.3275169995046
2.01,14.9216107688439
2.015,14.0497260717939
2.02,15.0085674077212
2.025,14.8145267139329
2.03,14.4272708156146
2.035,12.5142380326265
2.04,10.8512921810243
2.045,7.4227421006895
2.05,7.26872025542639
2.055,7.48562808991625
2.06,11.8720113683544
2.065,12.6859235255638
2.07,13.9567704243061
2.075,14.8388394425968
2.08,15.2748853563493
2.085,14.3205801965995
2.09,13.5045015572062
2.095,12.1301144284979
2.1,9.58290085881139
2.105,6.81946542218499
2.11,6.66778922001603
2.115,9.47861600097707
2.12,11.6387918757987
2.125,13.866734682657
2.13,13.9288153496766
2.135,14.7983858115819
2.14,14.055769077632
2.145,13.6202180818483
2.15,11.6198386901221
2.155,9.63011837948335
2.16,5.82530068527009
2.165,5.897022139686
2.17,8.62374899696634
2.175,11.590629467858
2.18,13.1968456138726
2.185,13.9388689980001
2.19,15.0337426218343
2.195,15.63760371853
2.2,14.610223148159
2.205,12.2188235934081
2.21,11.1983486410111
2.215,6.45225774291013
2.22,5.34701436640226
2.225,7.28634941733992
2.23,10.8410872553632
2.235,12.7251028902585
2.24,14.6860323302345
2.245,14.9032480561701
2.25,14.6631411685398
2.255,13.0934103722923
2.26,12.65161114629
2.265,10.6296535729128
2.27,8.45866055836078
2.275,5.65683475607514
2.28,7.63960278022063
2.285,10.7055549194515
2.29,13.0467464529333
2.295,14.036889591246
2.3,14.8719979592085
2.305,14.7863280245621
2.31,14.4914580518976
2.315,12.8564122107965
2.32,9.88888834479846
2.325,5.9430172816561
2.33,3.81376954884166
2.335,7.55397545316514
2.34,10.7554421114211
2.345,12.5569291275536
2.35,13.9822949854049
2.355,14.6693870268962
2.36,14.0859162503912
2.365,13.6233449451811
2.37,11.8220939122784
2.375,10.4077465147908
2.38,8.23062163473089
2.385,5.73368849874836
2.39,7.38750660608227
2.395,10.7383373988367
2.4,12.4650378964046
2.405,13.7891135953493
2.41,15.0785634751246
2.415,14.5617749659101
2.42,12.9469943432068
2.425,11.3249150539515
2.43,7.24056521278317
2.435,4.05765190603783
2.44,6.60622083173807
2.445,10.8310273185591
2.45,13.3273477629047
2.455,14.6358538309846
2.46,14.8499677128994
2.465,14.2201875274013
2.47,13.2375688404308
2.475,10.0194064650648
2.48,7.11170071517819
2.485,5.89287033364454
2.49,7.47384417737314
2.495,11.8933348682427
2.5,11.6765522913894
2.505,14.3801468155908
2.51,15.2649662777738
2.515,12.8660652685957
2.52,11.8528526877736
2.525,10.1563359607438
2.53,6.82584418340497
2.535,5.30521606468734
2.54,9.55807459527009
2.545,12.4242007305518
2.55,13.6537159149508
2.555,15.1920411067102
2.56,14.2002378283368
2.565,13.6185980847672
2.57,12.5197224231438
2.575,9.13438213879327
2.58,6.27499194168462
2.585,6.75272047017894
2.59,10.1012634966393
2.595,12.5336018912838
2.6,14.4207934032589
2.605,15.1310953672231
2.61,15.2027817968071
2.615,13.5849063025562
2.62,11.6433338803188
2.625,8.51735222906035
2.63,7.37913219996679
2.635,9.59492938235748
2.64,11.2633671016279
2.645,13.1503692098894
2.65,14.7819916474012
2.655,14.986929716408
2.66,14.5368879139634
2.665,14.1929068867333
2.67,12.1605978552423
2.675,8.29105995785058
2.68,5.77290425309394
2.685,7.39800577981856
2.69,10.5867534930726
2.695,13.6129762235054
2.7,14.5273997194915
2.705,15.3088189025883
2.71,13.7327515571222
2.715,12.3728495818419
2.72,11.92071828144
2.725,9.07425830693921
2.73,6.39006627516861
2.735,8.10261251004587
2.74,11.2454181019893
2.745,13.5015870612974
2.75,14.5029571501507
2.755,15.4079790517476
2.76,14.8166066329776
2.765,14.017028252946
2.77,11.9416940392167
2.775,9.78366265736787
2.78,8.24097651716274
2.785,6.75494061334661
2.79,10.9361267984551
2.795,12.8677335115237
2.8,14.6762641072212
2.805,16.1922609609279
2.81,15.1037965481421
2.815,13.4253068967147
2.82,12.09320141982
2.825,9.78541950074057
2.83,7.66041276453726
2.835,7.11648284959247
2.84,10.4141659709112
2.845,13.374856473253
2.85,13.9620205994925
2.855,15.4756752787423
2.86,15.3346705790892
2.865,15.2667340601489
2.87,13.1791904851351
2.875,11.4846313557062
2.88,6.21831803593506
2.885,6.57895564074428
2.89,9.95944202606378
2.895,13.9289040366116
2.9,13.4279197687428
2.905,14.751352059617
2.91,15.5282296328205
2.915,15.4520819493842
2.92,12.9412756672727
2.925,11.2975984360515
2.93,8.68172007876645
2.935,6.3998659427657
2.94,9.51844599414437
2.945,11.0549112836524
2.95,12.7369985718434
2.955,14.4455129156842
2.96,15.1911100508804
2.965,14.763662677227
2.97,14.2631183501543
2.975,13.0482983430966
2.98,7.92281220039308
2.985,6.9215766826602
2.99,9.9766486154666
2.995,9.517447749166
3,10.9293540181731
3.005,12.4083062238217
3.01,15.187938202938
3.015,16.0499297882308
3.02,14.3636640958167
3.025,13.604285379466
3.03,12.3300617193341
3.035,11.3055034918531
3.04,8.23136775645725
3.045,9.36153087852668
3.05,9.64796625382768
3.055,11.2849959338155
3.06,13.1254809217761
3.065,15.686722905038
3.07,14.7185797001342
3.075,14.1155400192451
3.08,14.4023706741786
3.085,13.4752275100317
3.09,9.8442207564859
3.095,9.9495279635489
3.1,10.3851649248926
3.105,9.89658253063961
3.11,9.62909604142865
3.115,14.606819017612
3.12,15.1314619424102
3.125,13.7626524858336
3.13,15.4010148504954
3.135,15.4121569825275
3.14,13.2995341964064
3.145,12.3620563991366
3.15,11.4353436426869
3.155,6.94181224275918
3.16,5.81882753276001
3.165,10.6223486748213
3.17,10.3381995016559
3.175,13.5033887112769
3.18,15.7701113815441
3.185,13.4151258728436
3.19,15.6292392269588
3.195,15.2235583889555
3.2,12.377315711573
3.205,13.8019246080274
3.21,12.1491967840575
3.215,6.36492949366367
3.22,3.71208574081096
3.225,11.2312917305476
3.23,10.0722995027066
3.235,13.629200396846
3.24,15.0757312345654
3.245,13.8421945387002
3.25,15.9237742328215
3.255,15.1319341955995
3.26,14.8721752058673
3.265,14.3341581597037
3.27,11.9328855564508
3.275,12.3515075636208
3.28,10.5774848580006
3.285,6.07791281693075
3.29,11.7496753516783
3.295,11.0693414013637
3.3,11.4746523169883
3.305,15.620510650016
3.31,14.2792218768964
3.315,16.1924682255776
3.32,15.5123522385217
3.325,14.2062967503308
3.33,16.1378379257486
3.335,12.5045426197203
3.34,12.7105901184595
3.345,11.6982249289702
3.35,6.14007136767071
3.355,11.7208475975091
3.36,8.61590791253903
3.365,11.5978240691523
3.37,13.3863937290971
3.375,13.6643943085861
3.38,15.5468311639424
3.385,14.4947530889954
3.39,15.1466949541498
3.395,14.8674603785305
3.4,14.6392327896166
3.405,13.4051944894069
3.41,12.8542739888165
3.415,10.7842519901424
3.42,9.95775712471259
3.425,8.06476698789355
3.43,8.04502581735957
3.435,11.4970148159315
3.44,9.35169091658716
3.445,15.3623605730041
3.45,11.9513027384601
3.455,16.619404049423
3.46,14.0063597380032
3.465,17.212570522698
3.47,14.621656034726
3.475,16.4519578561965
3.48,13.0534496980405
3.485,15.0479582127177
3.49,12.8647488201815
3.495,12.6445159106168
3.5,10.3777837192822
3.505,10.0165404785971
3.51,9.30765898033982
3.515,9.72008290634598
3.52,9.83339834572959
3.525,10.0556057539832
3.53,12.197340569005
3.535,13.104946140135
3.54,13.7473480489035
3.545,15.452792443869
3.55,14.2269825715417
3.555,16.2050376481663
3.56,15.5769074511092
3.565,15.7502084991671
3.57,16.3348452259553
3.575,14.939368026495
3.58,13.3893896696551
3.585,12.3925695297733
3.59,13.842780148995
3.595,10.94200903191
3.6,10.9533834783282
3.605,8.23707609075272
3.61,9.35590939332232
3.615,10.6435595881764
3.62,9.68062082740974
3.625,11.9496654274923
3.63,10.062145089238
3.635,14.3726807624193
3.64,14.0134310199694
3.645,14.1509846404139
3.65,16.363781890538
3.655,14.1255301716873
3.66,15.793535888119
3.665,15.7061962922993
3.67,14.6388419086835
3.675,17.0340068225231
3.68,14.5340351582476
3.685,15.1191933385469
3.69,16.2550775926177
3.695,12.7814823936057
3.7,14.4866010773858
3.705,14.9703747342776
3.71,11.6168670415567
3.715,14.7135626530859
3.72,12.5374480703164
3.725,8.56063240680471
3.73,12.3888336690122
3.735,10.4635597208763
3.74,9.14558117474095
3.745,10.764053607672
3.75,9.90626230358245
3.755,7.46202829613102
3.76,12.0516557416158
3.765,10.5688059326812
3.77,10.288711260906
3.775,13.496577764201
3.78,13.1534979390165
3.785,8.70243781614576
3.79,13.6486199338712
3.795,14.62823101282
3.8,10.758379038992
3.805,13.3729254575103
3.81,16.8469384851256
3.815,14.614885808904
3.82,11.9706188099002
3.825,14.9095383700683
3.83,16.6042034359074
3.835,14.7742732460683
3.84,14.0776098881549
3.845,15.5659726307083
3.85,17.2805236669594
3.855,15.9926494996361
3.86,14.5085217240557
3.865,14.8912924115693
3.87,16.173999314509
3.875,16.3273352875175
3.88,15.3767428052963
3.885,14.4375002786881
3.89,15.7521081609413
3.895,16.0984772155858
3.9,16.2148411524255
3.905,14.7632159309651
3.91,14.786868920614
3.915,14.8823312752833
3.92,16.2262540612323
3.925,15.9034195362917
3.93,14.7041829178545
3.935,14.1124052459375
3.94,14.5243016214665
3.945,14.7432319100164
3.95,15.5903348841873
3.955,15.9552035198848
3.96,16.0153842120504
3.965,13.1749900473412
3.97,13.5936491473418
3.975,14.1250109212741
3.98,15.5055758519979
3.985,16.75983782465
3.99,15.7656640153188
3.995,14.7852946145196
4,13.3691775924453
4.005,13.3417737620006
4.01,14.492989430838
4.015,14.3283166262016
4.02,15.674105609666
4.025,15.2240006462499
4.03,15.9530276808011
4.035,15.5218612875118
4.04,16.0840949505594
4.045,15.2692651410499
4.05,15.2023890370415
4.055,14.7253259121917
4.06,14.3119211707509
4.065,14.5868261689183
4.07,14.1647342187102
4.075,13.7050279689183
4.08,14.9294920801848
4.085,15.4757894347283
4.09,15.5930076858374
4.095,16.7389961939304
4.1,16.4888278792118
4.105,16.2190163818355
4.11,16.0413536891947
4.115,16.0501749440014
4.12,17.6538551820836
4.125,17.1464798924636
4.13,16.824349639845
4.135,15.8824021090299
4.14,16.4606641575252
4.145,16.0970718202541
4.15,15.7975343315901
4.155,15.9953189759277
4.16,14.8043447518823
4.165,14.7459135915824
4.17,13.5703194706875
4.175,13.2199176957222
4.18,14.029058844633
4.185,12.3028659552649
4.19,11.0688814430178
4.195,11.2572193745837
4.2,10.1400340692348
4.205,5.09303769602374
4.21,6.99860097701475
4.215,8.80704903860563
4.22,6.89902383003636
4.225,9.39164860028605
4.23,10.7344025599222
4.235,13.078646580559
4.24,14.3720551693837
4.245,14.707335005719
4.25,15.7940104157127
4.255,15.0068163090189
4.26,15.2340180258824
4.265,14.8587581912927
4.27,14.5127174833555
4.275,15.3228987936463
4.28,14.7347521451371
4.285,15.8506400660565
4.29,14.6022072296337
4.295,15.8566746162964
4.3,15.7330066994235
4.305,14.5969710645882
4.31,14.2358242866305
4.315,14.3209805354551
4.32,11.4558267365994
4.325,10.0829809055332
4.33,8.80402324007548
4.335,10.1378403607839
4.34,10.4544712799494
4.345,10.6627520941562
4.35,8.81442667617625
4.355,6.62601204395284
4.36,11.9679015622048
4.365,15.055516999609
4.37,15.1243019178573
4.375,14.0228276168707
4.38,12.0981694238674
4.385,13.6374039489724
4.39,15.8530208593327
4.395,17.2784245899601
4.4,16.3752619597235
4.405,13.8660720381731
4.41,12.8968953220895
4.415,14.6092209660062
4.42,14.5167761737566
4.425,13.0160770986801
4.43,8.41251389427747
4.435,8.27344951093139
4.44,11.7765297214298
4.445,9.42306368899035
4.45,8.7016056568242
4.455,11.737919928057
4.46,13.54684929944
4.465,13.7970601768791
4.47,13.9473648344712
4.475,14.2110263867296
4.48,15.5745340374333
4.485,15.6259053095752
4.49,15.5505838713489
4.495,13.5677172678665
4.5,14.7862587192592
4.505,16.1526138474052
4.51,14.006916685763
4.515,8.45111927827112
4.52,11.1136575973326
4.525,10.2372736407515
4.53,6.57153095331397
4.535,10.5418726173642
4.54,13.165277144615
4.545,10.5631324959623
4.55,14.0794224327754
4.555,16.8776182636241
4.56,13.9179030244899
4.565,14.01586576188
4.57,17.1947300960215
4.575,15.0697248179184
4.58,12.7904849209468
4.585,14.3876685580914
4.59,10.9864701522875
4.595,10.3299421983157
4.6,10.6308066900075
4.605,8.42379600979082
4.61,9.96728058916415
4.615,11.1716559677721
4.62,13.5826113858305
4.625,12.9187712291509
4.63,15.2553399462174
4.635,15.6016490372513
4.64,13.6510079547473
4.645,16.2804167867372
4.65,14.4558612089311
4.655,11.707172303555
4.66,13.2911426728514
4.665,7.72431518081063
4.67,9.12158424121699
4.675,7.95520138545905
4.68,9.46669822627614
4.685,14.7294554909829
4.69,11.628400318434
4.695,15.9419053444659
4.7,14.1038828624118
4.705,14.1075403798529
4.71,16.5566670446916
4.715,14.4840728051111
4.72,13.4027530696706
4.725,14.0579947776159
4.73,8.32963683231408
4.735,9.60093715307437
4.74,9.27065982962344
4.745,9.70640939366689
4.75,15.5940684746949
4.755,13.040209935465
4.76,16.680089854616
4.765,14.8676312173006
4.77,17.2429154501567
4.775,13.6330168206349
4.78,13.1000881379175
4.785,13.6084752595752
4.79,5.1516131894553
4.795,11.8624820867511
4.8,6.04845575474499
4.805,10.6252656388488
4.81,10.8490258670132
4.815,15.7528193960592
4.82,11.0031714213496
4.825,15.2452085445296
4.83,14.858503027759
4.835,11.1534975222923
4.84,15.3257003698029
4.845,10.9296906982459
4.85,9.00545638902429
4.855,4.93074514781769
4.86,11.9976080786118
4.865,9.03514067279366
4.87,14.0358648588246
4.875,12.6344652806786
4.88,16.3679994087601
4.885,15.4527117566288
4.89,15.6248530027966
4.895,13.334315040591
4.9,12.2648715518565
4.905,5.66520057571616
4.91,6.86034440074035
4.915,2.67592469814824
4.92,13.7770179147252
4.925,12.9447170358686
4.93,14.3637116279302
4.935,16.0001169174816
4.94,14.7269335467768
4.945,16.4661242422005
4.95,11.764138910146
4.955,13.554078665428
4.96,9.87734486821391
4.965,-7.74772692696912
4.97,8.19840458604666
4.975,11.4634487572356
4.98,11.7644818749723
4.985,14.0697415761604
4.99,15.8503035586687
4.995,14.7918597042699
5,17.1445054963037
5.005,13.5220831041528
5.01,12.7600791391264
5.015,4.4740473739032
5.02,11.3665355675532
5.025,3.53707365104364
5.03,13.3633639414212
5.035,12.4398358097323
5.04,14.3756549448541
5.045,14.0335393626773
5.05,15.2645672669375
5.055,15.4342355609864
5.06,11.0021409741432
5.065,12.7593081016969
5.07,6.96747903402544
5.075,3.59300068222903
5.08,13.395086963338
5.085,9.93857106970529
5.09,15.8818407274791
5.095,16.0400077559077
5.1,14.2584030030197
5.105,13.2112388264449
5.11,12.8519529928581
5.115,12.4632498830451
5.12,6.23480874298946
5.125,6.97227704526237
5.13,12.0234473695876
5.135,11.912512278687
5.14,14.3837676669969
5.145,15.2163718696195
5.15,16.5420740343341
5.155,12.5606932910189
5.16,14.2422609622823
5.165,14.6436904638774
5.17,12.0837567327756
5.175,7.95555676357333
5.18,10.0149314159448
5.185,11.6631560959764
5.19,14.9693389345926
5.195,15.0281489009161
5.2,17.4456725096902
5.205,14.5398619259106
5.21,12.9936201418602
5.215,11.7207577696729
5.22,8.08832598118605
5.225,3.82934084103573
5.23,10.0875930151106
5.235,9.55932909760875
5.24,13.3031785564294
5.245,13.8677426891595
5.25,14.6035880610349
5.255,14.2114074719523
5.26,13.4867777811965
5.265,13.3518453010524
5.27,10.5460933191339
5.275,2.63479315773689
5.28,9.92958379516402
5.285,14.5502500488622
5.29,12.9834906900305
5.295,13.7039282457259
5.3,15.3863752695998
5.305,15.1102713359849
5.31,12.0576981598235
5.315,11.0063018532588
5.32,4.19629035187329
5.325,1.9555222786212
5.33,11.0014560452783
5.335,12.3030911088604
5.34,13.4139870897825
5.345,15.9787368436774
5.35,15.6066725758392
5.355,14.3093223470391
5.36,10.8599871971563
5.365,12.5077840756682
5.37,6.77667388422344
5.375,6.91452864265955
5.38,8.37128026269291
5.385,15.253825646733
5.39,12.7079650538554
5.395,15.5147226976097
5.4,12.2178974759344
5.405,15.5605941307132
5.41,12.9004226014975
5.415,9.76692512763417
5.42,9.65557806813302
5.425,8.58203828057759
5.43,5.84784454952501
5.435,13.4491064097176
5.44,14.7969604550965
5.445,15.3548070829574
5.45,16.0504021493482
5.455,14.4261270898331
5.46,12.2279139468273
5.465,6.63129143851529
5.47,2.12118064744367
5.475,8.67466466929238
5.48,10.5815863637842
5.485,12.372882888236
5.49,13.2239342434005
5.495,15.3349464451414
5.5,14.307533006117
5.505,14.4029033211379
5.51,9.45912926196765
5.515,9.28803045506652
5.52,3.61714028447234
5.525,8.56471826678805
5.53,10.8310665387373
5.535,12.6598960868367
5.54,15.1113449500796
5.545,12.5899609820339
5.55,12.5536457365969
5.555,12.8918600475508
5.56,11.4868081699751
5.565,1.85792853794979
5.57,8.40086236716044
5.575,3.32608932044479
5.58,10.654063753266
5.585,12.8602414576474
5.59,15.3352783095835
5.595,14.7560583109078
5.6,14.2015744552159
5.605,12.7469463537752
5.61,10.0686518646737
5.615,7.9684421639892
5.62,-2.05449935932695
5.625,8.38742100791512
5.63,12.167353130336
5.635,12.8171414452017
5.64,13.928975311422
5.645,15.2265411728262
5.65,12.6867147972343
5.655,12.6640106356633
5.66,8.70568650654967
5.665,6.74108467937711
5.67,4.43266742145272
5.675,8.88732002001305
5.68,11.6113682313439
5.685,13.6347663595086
5.69,13.5300115831608
5.695,15.449768151814
5.7,14.3962563767497
5.705,11.6759734987157
5.71,11.2431925075772
5.715,5.92687821869946
5.72,5.62841630565126
5.725,9.75582785076858
5.73,10.2812264885207
5.735,13.9593782069705
5.74,14.5826489173635
5.745,13.8403671963645
5.75,14.6416648435184
5.755,12.1426871024918
5.76,11.0551036024282
5.765,6.49502460940546
5.77,3.15528880748001
5.775,7.54836321015992
5.78,12.2351258041038
5.785,14.1522937810934
5.79,13.6270724542189
5.795,14.8216170916627
5.8,13.0371556360079
5.805,12.0669513216425
5.81,9.34608545885946
5.815,5.00759462148318
5.82,1.98603628910607
5.825,8.02233493007182
5.83,9.96094789243595
5.835,13.0248284555121
5.84,14.8582791340104
5.845,13.7318067510016
5.85,13.5968990993314
5.855,11.5663928843259
5.86,9.46293808655408
5.865,7.28590148301437
5.87,-0.236807320252339
5.875,7.14834177490086
5.88,10.2397900006101
5.885,12.6091367443483
5.89,13.2906031845339
5.895,14.3646001163839
5.9,13.9592172097954
5.905,12.7792658312937
5.91,10.9751590391833
5.915,8.27187218579151
5.92,4.56471644410954
5.925,4.46547419136738
5.93,7.52248950814898
5.935,11.7558067292012
5.94,13.1562491194782
5.945,13.4868203909363
5.95,14.3110098150378
5.955,13.1926641577561
5.96,11.498890291074
5.965,9.78519080774385
5.97,-1.16973941329654
5.975,2.35558525976626
5.98,7.83390486226156
5.985,11.0424035554425
5.99,13.2718532754803
5.995,14.0230750793937
6,13.8095744718395
6.005,13.468995895091
6.01,11.918799370806
6.015,10.3456526542038
6.02,6.62994432593075
6.025,3.58583161262473
6.03,4.37585221726542
6.035,8.92714609131926
6.04,12.3433430703161
6.045,12.6671900908668
6.05,14.2569664872541
6.055,14.5954267754121
6.06,13.1756716238239
6.065,12.1822261750614
6.07,8.40425628930691
6.075,6.22401739254516
6.08,4.03491922648453
6.085,6.49079923395792
6.09,9.92746244452351
6.095,11.2603340519776
6.1,13.6789072024569
6.105,13.1353680436423
6.11,13.4992365777813
6.115,12.9290417954608
6.12,10.9523916803177
6.125,6.97297100354911
6.13,2.39427658868021
6.135,0.668263132441709
6.14,5.17914397436961
6.145,11.4061340271827
6.15,13.0070192128795
6.155,13.1394153018578
6.16,13.3008413260166
6.165,12.6180061451585
6.17,12.7368644176248
6.175,10.9430051354156
6.18,6.99179295507814
6.185,4.29254536763219
6.19,4.40416839491098
6.195,5.96868402031869
6.2,10.5752204281369
6.205,12.3980332967209
6.21,13.5834741840948
6.215,13.710260794783
6.22,13.3162005142897
6.225,12.954115379318
6.23,11.4021521070652
6.235,7.04075785902718
6.24,1.2720036371387
6.245,1.85200966348292
6.25,7.60704908020401
6.255,9.91667241674881
6.26,12.1601540085063
6.265,13.5152162883634
6.27,14.0087360067078
6.275,13.5425883534747
6.28,12.6454384391295
6.285,10.5392005772647
6.29,8.14858964966776
6.295,6.56718358860029
6.3,1.27526080236309
6.305,4.57961160046288
6.31,7.30906990534551
6.315,11.5700594338763
6.32,13.1037641603384
6.325,13.3643923232107
6.33,14.7014210663139
6.335,13.1314727582343
6.34,11.2127220559563
6.345,9.2722282486541
6.35,5.16317517083647
6.355,2.26484978151817
6.36,1.46925853070279
6.365,8.07539313504492
6.37,11.0683685936702
6.375,13.071933467028
6.38,12.7667619881786
6.385,13.4948420364137
6.39,13.5988589998015
6.395,12.8210219838066
6.4,10.1321927030424
6.405,8.47556728975349
6.41,2.26683770785245
6.415,-1.00535948629863
6.42,2.82430473645815
6.425,8.5095860811721
6.43,11.6695527544532
6.435,13.6200368023518
6.44,12.5304282586358
6.445,14.571290264378
6.45,12.1268770069599
6.455,11.5648797679435
6.46,9.27919826725436
6.465,9.78239474056602
6.47,5.82834370559085
6.475,-0.12212309629345
6.48,2.29854839007427
6.485,10.089991326627
6.49,9.45508284113686
6.495,12.5780314215648
6.5,13.1012745198708
6.505,13.9021644567912
6.51,13.0669000460074
6.515,11.7468418643633
6.52,10.2457174935297
6.525,5.91108375930183
6.53,2.43437801994634
6.535,-1.14161088466169
6.54,3.77395638071579
6.545,9.30596029215005
6.55,11.3597749821425
6.555,11.3206837744804
6.56,12.5648517328516
6.565,13.4568724547869
6.57,13.5989983979558
6.575,10.8566514345228
6.58,11.0906934040781
6.585,8.22395994987831
6.59,5.24317977401626
6.595,-0.507908560000089
6.6,0.175395771252056
6.605,6.47766386814766
6.61,9.71780478062315
6.615,11.3701153484781
6.62,13.3449300760926
6.625,13.6162789403459
6.63,13.007798414761
6.635,13.235017361101
6.64,11.2738345130926
6.645,9.52330109776713
6.65,5.86711915059534
6.655,2.45515677332088
6.66,4.85490610126415
6.665,3.07061195563813
6.67,8.21817051874301
6.675,12.035446869533
6.68,12.3590040669492
6.685,12.8264573498902
6.69,13.2753204439911
6.695,13.4576942543432
6.7,12.1617161825959
6.705,11.3939550500592
6.71,9.32623198025645
6.715,4.19540875866696
6.72,-1.41746830162224
6.725,-1.1852741876034
6.73,3.21457273296195
6.735,8.91768416896734
6.74,10.8512873512136
6.745,12.199180974881
6.75,13.1416920187634
6.755,12.9878525230676
6.76,13.3695195910653
6.765,12.6831032258798
6.77,10.5534613192864
6.775,8.12614398680176
6.78,5.10668667141212
6.785,-1.137038927292
6.79,-3.51796615189932
6.795,4.343285997357
6.8,9.74928524513456
6.805,9.97788569698636
6.81,11.881062558355
6.815,12.7616840160143
6.82,13.0126733863994
6.825,13.5350163523065
6.83,11.4809682897139
6.835,10.6692068888265
6.84,8.31092347442849
6.845,7.43843860039462
6.85,0.540840073711664
6.855,-3.46138295460581
6.86,0.316652638281482
6.865,7.74818887660885
6.87,9.16889274839478
6.875,11.0486947809549
6.88,12.195617525501
6.885,13.0609805830387
6.89,12.4361883028093
6.895,12.1678733939146
6.9,12.2984723395489
6.905,10.8503285563105
6.91,7.20028411579818
6.915,8.28063840396825
6.92,-3.35343842240528
6.925,-2.1822954425345
6.93,2.02285787453695
6.935,8.50847016335941
6.94,10.2902268457912
6.945,12.4635734571756
6.95,12.702686489321
6.955,11.6782995741311
6.96,12.769620200018
6.965,11.2505590309989
6.97,12.3864569264841
6.975,8.79374331930531
6.98,7.78508434957448
6.985,4.29098557194608
6.99,2.106285841939
6.995,-5.75039290948632
7,3.66524379774306
7.005,5.49004808861228
7.01,9.25310087859319
7.015,11.5590652526588
7.02,12.4501191712136
7.025,12.6962106514366
7.03,12.1677932077192
7.035,12.4712942011351
7.04,10.9608961655757
7.045,10.4786795969736
7.05,11.0436621588176
7.055,5.53112097529171
7.06,4.78831964875531
7.065,-8.88305568872889
7.07,1.45266196328276
7.075,5.84260581127317
7.08,8.36349635042235
7.085,10.5406817871632
7.09,11.5389559539467
7.095,12.4800872886571
7.1,12.293854590661
7.105,12.4233544993468
7.11,12.7216891012135
7.115,11.7237655436535
7.12,9.64411716882424
7.125,5.13949032269633
7.13,5.05188787941648
7.135,-6.03052067627983
7.14,-10.9603224944984
7.145,3.64067639520675
7.15,2.66270011281719
7.155,10.1517362396005
7.16,10.644645334871
7.165,11.9893856390207
7.17,11.8095955291093
7.175,12.5112529040509
7.18,13.2930061126664
7.185,11.4357183328841
7.19,10.8167298544982
7.195,8.93619648715659
7.2,10.1948708840958
7.205,2.73431391390737
7.21,-0.0730638002732178
7.215,-3.28499078415544
7.22,-0.285745305260122
7.225,4.58120168206217
7.23,10.4333108446159
7.235,9.67773472702603
7.24,10.9779379664844
7.245,11.9229958747411
7.25,12.480222457868
7.255,12.4432145268346
7.26,10.920172041442
7.265,11.0684184387264
7.27,10.3671467003217
7.275,9.37616427131711
7.28,5.32393409327237
7.285,4.33469918969902
7.29,-0.750242374699042
7.295,0.244120400436856
7.3,5.99910981694303
7.305,4.5872161015476
7.31,6.46739936879878
7.315,11.2163254428892
7.32,10.7997084652211
7.325,11.8042060518804
7.33,13.08773915216
7.335,12.0175161883233
7.34,13.1552525951889
7.345,10.3223221780197
7.35,8.20689088784643
7.355,6.12368975163456
7.36,7.49530593676022
7.365,-2.11152663338717
7.37,-5.64026422253026
7.375,0.399806671673574
7.38,4.5751327623495
7.385,6.01354861363538
7.39,9.62378994573395
7.395,10.1783686733673
7.4,11.4472342239593
7.405,12.2039269575362
7.41,13.1271313298584
7.415,12.2161935459763
7.42,11.8787452716599
7.425,11.2673415548868
7.43,10.9228937203478
7.435,9.37955661193078
7.44,5.3113921129777
7.445,-6.92524990883247
7.45,1.3324005415782
7.455,1.01117452166386
7.46,-0.816234207703971
7.465,2.27904747233661
7.47,7.77219437034265
7.475,8.96757366278405
7.48,10.4694536749191
7.485,11.0810488852324
7.49,13.1048584889124
7.495,12.8325594107125
7.5,12.8995972858592
7.505,13.8415148803918
7.51,10.5392161953176
7.515,9.12790241005219
7.52,5.15818135724452
7.525,6.47881308640709
7.53,-0.0346074717663072
7.535,-1.24622509556023
7.54,-4.05233806546127
7.545,1.00143877416566
7.55,6.52491241259831
7.555,8.08596051233438
7.56,8.93509395788297
7.565,10.2210599840626
7.57,12.1230820467284
7.575,11.6405899284669
7.58,12.0562614003311
7.585,12.0883791664743
7.59,12.043601777876
7.595,11.060407838464
7.6,10.2788593743338
7.605,10.4631649962151
7.61,6.51869192658785
7.615,4.12574141717236
7.62,-0.571519354858978
7.625,-4.09493809865685
7.63,1.94541317863442
7.635,4.48312435003673
7.64,8.2314575844736
7.645,7.93661629042526
7.65,11.0690454734103
7.655,10.5492579950288
7.66,12.3830639525362
7.665,11.6108679862553
7.67,11.6789625117138
7.675,11.8598784955407
7.68,11.1357620828787
7.685,10.2286893266564
7.69,10.8702280615678
7.695,4.96674195484604
7.7,5.19555541541249
7.705,-1.27744677310977
7.71,-4.11082052847929
7.715,-6.24214045431968
7.72,1.74123567727636
7.725,1.02146197133096
7.73,4.09565994780309
7.735,8.92514388728512
7.74,6.90075132247813
7.745,12.1200971939724
7.75,11.8913308327177
7.755,11.2358427546062
7.76,12.0739374551279
7.765,11.7742216524485
7.77,11.6239490140927
7.775,10.7087645054574
7.78,9.62508134580031
7.785,8.74462489780073
7.79,5.00798082752711
7.795,5.07620232835797
7.8,-13.982068507608
7.805,-1.27872101031525
7.81,-3.29336725213801
7.815,3.45622994958339
7.82,4.32391227962428
7.825,9.47910025533577
7.83,9.51347628711045
7.835,10.1072785388461
7.84,10.9150840901378
7.845,12.0356388903566
7.85,11.2961556528984
7.855,11.6489147148845
7.86,11.2784786970699
7.865,10.5021215170814
7.87,9.34248899890574
7.875,10.6105121093645
7.88,7.29030074638439
7.885,4.1547069823914
7.89,4.34709091622906
7.895,-3.31961872638919
7.9,-2.10703611384999
7.905,-0.424251443859134
7.91,0.109029045766221
7.915,2.29112219623877
7.92,8.6120873319596
7.925,9.00321792002038
7.93,9.98103786864293
7.935,10.627848610125
7.94,9.66940688779324
7.945,11.1421893749556
7.95,11.0998210390084
7.955,11.2660963976224
7.96,11.8391263897965
7.965,10.3476748064289
7.97,10.3361926494171
7.975,8.45566868989485
7.98,4.07753062186687
7.985,4.17211684390094
7.99,-0.172984988447922
7.995,-4.43112768227562
8,-7.95227121737378
8.005,0.15965274158809
8.01,4.86516014163948
8.015,7.37765704280736
8.02,6.22080105215076
8.025,7.53933787639905
8.03,8.74672277553853
8.035,10.8124198613821
8.04,11.7167014108304
8.045,9.94912066601358
8.05,11.3001356109898
8.055,11.2080086935052
8.06,11.0595640436029
8.065,10.6669459374739
8.07,8.71120503939231
8.075,8.28346051529176
8.08,9.09829207006392
8.085,3.38638107775674
8.09,-1.93202293692642
8.095,-0.900122376968895
8.1,-9.72330974035067
8.105,-7.9917921032952
8.11,3.08227910177641
8.115,2.69114742537512
8.12,6.62492437211441
8.125,7.91798487553731
8.13,9.32250010289215
8.135,10.8776805869981
8.14,10.8727420542572
8.145,10.954578568809
8.15,9.71558201774221
8.155,10.5031325139344
8.16,10.9438356939526
8.165,10.6838874402064
8.17,10.0360144288958
8.175,9.45848795299442
8.18,8.57647158872504
8.185,7.00962990400936
8.19,5.70536067514108
8.195,0.172868757899522
8.2,-3.89723860503847
8.205,-5.63954065517306
8.21,-4.77729744771182
8.215,0.789133919955816
8.22,-2.47878812142079
8.225,6.00770816128713
8.23,9.52388504776312
8.235,8.81581907947246
8.24,8.74239902104372
8.245,10.8342485551781
8.25,10.4297549775946
8.255,10.0888789141645
8.26,10.7769105255312
8.265,10.8321991048458
8.27,10.948147165794
8.275,10.4771369762322
8.28,10.5441943349677
8.285,8.12871293949037
8.29,7.18943678078355
8.295,6.69044904098084
8.3,6.54455542087648
8.305,-0.397481616456247
8.31,-11.7481528935646
8.315,-5.34048393041303
8.32,-2.64192339777688
8.325,2.64698243905765
8.33,5.16627306548834
8.335,3.92554978404881
8.34,7.45120086866962
8.345,8.67555131415502
8.35,9.64468414455899
8.355,9.39841801729546
8.36,10.366633071527
8.365,11.1810619606714
8.37,10.4201600214176
8.375,10.7037886964401
8.38,10.7319137971594
8.385,10.3278537097655
8.39,9.79162614100281
8.395,8.65213416673012
8.4,7.9994216919691
8.405,6.25162989371304
8.41,4.53731852462947
8.415,2.47158422055904
8.42,2.10925597291279
8.425,-15.919812782683
8.43,-5.94554848224162
8.435,-0.343825251767029
8.44,-2.00026418963557
8.445,2.51747762074302
8.45,5.65011306452635
8.455,6.54998949284926
8.46,8.43241560151284
8.465,8.56718889116779
8.47,10.0133852811521
8.475,10.8675957047138
8.48,10.6899296575745
8.485,10.5035998958922
8.49,10.3763381187508
8.495,10.579091580455
8.5,10.3986098426645
8.505,8.8834121478701
8.51,8.96851569987447
8.515,8.36250112347652
8.52,9.49331975383976
8.525,7.81407301481215
8.53,3.29623129890356
8.535,-0.191613925866335
8.54,-5.74215982711337
8.545,-6.97786181583537
8.55,-6.49675153923155
8.555,1.72494060082033
8.56,-0.414752636111885
8.565,4.43297720237845
8.57,5.06913352246964
8.575,6.97799531072098
8.58,8.84498071177683
8.585,8.86321037086115
8.59,10.6970258562017
8.595,8.99486025393935
8.6,10.3936560724203
8.605,10.5292222744145
8.61,10.8843325022606
8.615,9.9830800862685
8.62,9.87013678519179
8.625,9.06072100206157
8.63,9.1514593028074
8.635,7.78788019589059
8.64,7.86640745800764
8.645,7.37901395317141
8.65,1.87410435273223
8.655,1.49840238895538
8.66,-1.26021652326749
8.665,-8.95013692834813
8.67,-12.8515751968443
8.675,-11.7913305306223
8.68,2.511864867874
8.685,0.542605150786159
8.69,3.15859310790991
8.695,4.28774363147804
8.7,7.16815246709109
8.705,9.22135373288415
8.71,9.75191284972615
8.715,9.49127830635032
8.72,9.87223989739394
8.725,10.3074051020419
8.73,11.0895389946308
8.735,10.8205058063551
8.74,10.0951649485914
8.745,9.88337251516973
8.75,9.35005454651656
8.755,7.77523773467203
8.76,7.9424682531061
8.765,8.25953081145317
8.77,7.55690308619572
8.775,4.77551714359953
8.78,1.40715196770543
8.785,-7.09430427925611
8.79,-9.1076978959299
8.795,-6.69925403113068
8.8,-15.2732528437949
8.805,-8.79474994638767
8.81,-1.45985533135939
8.815,2.6931598556172
8.82,3.35963689738678
8.825,7.72427141294763
8.83,7.36520521145452
8.835,6.70294295308167
8.84,9.48008244709577
8.845,9.46239131440495
8.85,9.9370849426106
8.855,10.6548938339971
8.86,10.915200456068
8.865,10.798498566758
8.87,10.4469994471879
8.875,9.89897164191056
8.88,9.50916821111724
8.885,8.66167870190893
8.89,5.86340989529228
8.895,8.21054579290532
8.9,6.43354791114859
8.905,5.9284599014314
8.91,3.38002050322895
8.915,2.80031554129999
8.92,-7.17295208815119
8.925,-10.0486245678038
8.93,-16.1047483673922
8.935,-9.12118630660349
8.94,-7.47865008115687
8.945,0.502889912293725
8.95,-1.61507731668263
8.955,6.08916368045116
8.96,6.56373806109383
8.965,7.72894469020586
8.97,8.61912933463901
8.975,9.02963388197615
8.98,11.4182114989893
8.985,8.34761794082294
8.99,9.7615292177566
8.995,8.24968363458193
9,8.42997669182247
9.005,10.3835794378869
9.01,11.6631955817777
9.015,8.48434247407597
9.02,11.3924540811237
9.025,8.49123374179786
9.03,8.31159735012596
9.035,6.31709651684938
9.04,2.03125048843961
9.045,2.76916279349928
9.05,5.69313102038657
9.055,4.52483279464538
9.06,-1.95605446235034
9.065,-5.64014135704174
9.07,-17.1199020888661
9.075,-6.89188915273532
9.08,0.192524761748587
9.085,1.16028186466676
9.09,1.3411194291904
9.095,5.00634428429871
9.1,5.22684857529789
9.105,6.74225059871176
9.11,8.47114424912229
9.115,9.34921321989081
9.12,8.95174671674421
9.125,9.08150290888814
9.13,8.69037229446232
9.135,10.1874671168848
9.14,9.40253022359168
9.145,9.42076312696193
9.15,8.44744405007505
9.155,9.96297067255037
9.16,9.49979850139239
9.165,9.32271400328509
9.17,8.31187071809164
9.175,7.578411558185
9.18,6.53332562402456
9.185,5.73778479390501
9.19,4.01744814656531
9.195,-0.6798861607015
9.2,0.200562412308713
9.205,-6.35111952428832
9.21,-6.77012015560507
9.215,-11.3460220720768
9.22,-6.04915599466707
9.225,-1.22775879613175
9.23,2.16726708653492
9.235,2.97186731478891
9.24,5.38689611000342
9.245,7.03392720400852
9.25,7.43162855194569
9.255,8.04606979875489
9.26,7.88544759557719
9.265,8.78528837187432
9.27,9.28391660041183
9.275,8.70824611927169
9.28,9.59144720836203
9.285,9.03102367259403
9.29,9.79734476913703
9.295,9.6823336793104
9.3,9.1191194040541
9.305,9.2817992284121
9.31,9.08297568001009
9.315,7.85281397844075
9.32,6.78125030956525
9.325,7.73056799073238
9.33,6.45272339375042
9.335,4.49476897919261
9.34,5.27516982319375
9.345,2.6192722178147
9.35,-5.84324469276069
9.355,-15.0338028130574
9.36,-3.30434759439936
9.365,-6.78074495155451
9.37,-9.56407436740326
9.375,-5.03760708653662
9.38,0.233801335363736
9.385,-2.25052262017695
9.39,4.82638293954511
9.395,3.84747062699827
9.4,5.90729656924677
9.405,5.43071216194186
9.41,8.46576949775924
9.415,8.56598735200677
9.42,9.00242155858231
9.425,8.86054640443412
9.43,8.44074360067533
9.435,9.54199315143555
9.44,9.38944369950066
9.445,9.45887432134299
9.45,8.99742622209328
9.455,8.89413911394728
9.46,10.9580253753762
9.465,8.64996411935486
9.47,7.25257930397099
9.475,6.31568965362069
9.48,6.68709920170198
9.485,6.21948163037266
9.49,2.45194708387476
9.495,2.50287093198146
9.5,4.45820965792561
9.505,0.679828295351356
9.51,-7.21305731348232
9.515,-5.19850963169652
9.52,-13.2104700784692
9.525,-27.8730528765838
9.53,-11.3629911142235
9.535,-0.932671093065636
9.54,-3.24274562285161
9.545,0.251167347796354
9.55,1.58677028714004
9.555,5.58291672655075
9.56,5.81292475935206
9.565,6.28793461158686
9.57,6.20253806958959
9.575,8.00084916008234
9.58,7.91656979139449
9.585,9.09247313913136
9.59,9.07775031119746
9.595,9.46822444979311
9.6,9.63051186724643
9.605,9.17098139198195
9.61,8.85931503253128
9.615,9.69918071276317
9.62,9.31444433652268
9.625,6.41587267587389
9.63,8.5336182006898
9.635,8.56715154257269
9.64,6.50126685819043
9.645,6.75532566749919
9.65,5.88318679373347
9.655,6.04610424618704
9.66,4.32970200643453
9.665,2.99289646074642
9.67,0.959293384437331
9.675,-7.58391130027064
9.68,-1.10467402481906
9.685,-2.19291448147413
9.69,-17.3225248498004
9.695,-16.7488046862508
9.7,-2.27542606607732
9.705,-0.392697798501899
9.71,1.85718468451188
9.715,-4.53004156353747
9.72,1.22448492979127
9.725,5.99105601187169
9.73,4.88138706806672
9.735,6.94808051331584
9.74,7.07030419344342
9.745,8.40169628697696
9.75,7.83528581138012
9.755,8.2141001045696
9.76,8.76580928963982
9.765,8.7675133075702
9.77,10.2617197517094
9.775,9.53314817418186
9.78,9.15739174332266
9.785,8.8959868821227
9.79,9.3397460498897
9.795,8.11239185039327
9.8,8.2523464679864
9.805,8.02405962174396
9.81,6.49949376426085
9.815,5.10571337483513
9.82,4.9748048633744
9.825,2.04192656932466
9.83,2.17698006001903
9.835,1.96539619429603
9.84,0.00725116571987883
9.845,-5.46890176874737
9.85,-5.67162935053369
9.855,-4.2269089341487
9.86,-14.5237383457296
9.865,-4.77840081207701
9.87,-12.919514311895
9.875,-2.40573917465488
9.88,-0.627030398242795
9.885,-0.153988160667566
9.89,2.50170522675089
9.895,3.77545342737255
9.9,3.42094814512598
9.905,5.1134720340828
9.91,5.3514954452212
9.915,6.42334954536128
9.92,7.95770190305583
9.925,7.81748721521389
9.93,9.1008154798749
9.935,7.89174406821974
9.94,8.69368849953642
9.945,9.34902553847836
9.95,8.4443503507031
9.955,10.7002780158752
9.96,9.53006848694733
9.965,8.32344958547685
9.97,7.98245450464711
9.975,8.89801751948465
9.98,7.12233721845759
9.985,8.23311060976161
9.99,6.82965003242096
9.995,7.53486642508352
10,6.05250910564872
10.005,6.89657485619841
10.01,5.17478111831475
10.015,5.28797133619696
10.02,4.86577264936997
10.025,5.12558637715489
10.03,2.86391908882956
10.035,-1.03440421340929
10.04,0.227075533485689
10.045,-4.61673027550033
10.05,-5.25086508316262
10.055,-5.13347545568648
10.06,-12.1673011036433
10.065,-8.10577603970771
10.07,-13.4943505936862
10.075,-3.04309973236386
10.08,-2.61806139738631
10.085,2.05380256816392
10.09,-10.4331643518076
10.095,3.03422061266254
10.1,-0.295252675214158
10.105,5.22107294843997
10.11,3.46883187549363
10.115,4.60798223759816
10.12,4.41255747542856
10.125,7.43540086660644
10.13,6.62023141419398
10.135,7.51002280967231
10.14,8.13382192354725
10.145,7.5103136823187
10.15,8.57034967907992
10.155,8.09572124008263
10.16,9.39256594379168
10.165,8.69726548338545
10.17,9.18152113151203
10.175,6.40798038350948
10.18,8.21981279503916
10.185,8.01426002641432
10.19,8.80938865187139
10.195,7.67314689114296
10.2,8.91797841314202
10.205,7.6169972084023
10.21,7.54288711999109
10.215,6.8393500927464
10.22,7.0708692250748
10.225,8.04402386563198
10.23,4.61090680707235
10.235,5.49387665564389
10.24,4.14487341648602
10.245,4.18280631935518
10.25,2.92505236157952
10.255,3.55560393610058
10.26,3.2534392667537
10.265,1.66731706804643
10.27,0.823211413120433
10.275,-1.66038271825052
10.28,-2.96093558843484
10.285,-2.82669344754089
10.29,-9.49645807932919
10.295,-7.65525090585172
10.3,-7.21902484012985
10.305,-5.95230012350828
10.31,-13.1218545795026
10.315,0.122064470772585
10.32,-2.27857277338117
10.325,-0.153056900470375
10.33,1.12226711981739
10.335,3.95121526667695
10.34,2.42489648145693
10.345,1.7056227944371
10.35,4.46808811307891
10.355,6.11449371203982
10.36,6.19193912214608
10.365,7.82377900158799
10.37,7.46968120867322
10.375,5.94988472077073
10.38,9.18011500999697
10.385,7.03876996545291
10.39,8.414846677931
10.395,8.2351889724568
10.4,8.50968071235928
10.405,7.76963824293202
10.41,8.8761784305181
10.415,7.73341748506461
10.42,8.78346496080009
10.425,8.49854564061182
10.43,8.24798334924398
10.435,8.31225141833607
10.44,7.67379236569285
10.445,7.74887440577625
10.45,7.02960123938986
10.455,8.01751051554913
10.46,4.92074422787374
10.465,7.18392532675983
10.47,4.55098279485954
10.475,7.48874698337654
10.48,5.40753323388037
10.485,5.51467930070777
10.49,2.5724514024148
10.495,-0.757658066277259
10.5,3.5141858405804
10.505,-1.44127967227872
10.51,-3.42425757929399
10.515,-4.7669083253334
10.52,-7.04885210672761
10.525,-7.97721984340573
10.53,-10.5088258297412
10.535,-8.67626896096726
10.54,-15.8348110487284
10.545,-4.81023185071837
10.55,-4.34852464109272
10.555,-3.42550423681934
10.56,-1.29942606716425
10.565,0.0163790503313237
10.57,1.02551659327978
10.575,-2.00632065010183
10.58,2.25723525264718
10.585,2.23211765669797
10.59,3.8033820266287
10.595,1.27546189639236
10.6,5.20506757270901
10.605,4.48915370152962
10.61,6.4478158616661
10.615,6.13766284849683
10.62,7.8303248095967
10.625,6.66943240019884
10.63,7.97577544970855
10.635,7.21440539515017
10.64,7.60578213621805
10.645,8.83283784394129
10.65,7.59649516670665
10.655,8.54130220327087
10.66,7.81327617292132
10.665,8.45601738868127
10.67,7.40317941529763
10.675,8.27312310485129
10.68,7.69925577638219
10.685,8.62344334028357
10.69,7.48806673610684
10.695,6.56204470136643
10.7,6.7730503332603
10.705,6.18459304537356
10.71,6.9104264081296
10.715,6.77878875152028
10.72,6.76594924967532
10.725,3.16398882236642
10.73,4.61231930624459
10.735,3.29433831653368
10.74,4.88202817111369
10.745,0.250617304916744
10.75,3.61302999417555
10.755,-5.95351423569556
10.76,-1.44538193442271
10.765,-2.89793739446372
10.77,-0.741151504367465
10.775,-3.86274927953073
10.78,-8.83927878228864
10.785,-9.75431039793844
10.79,-11.40509495318
10.795,-15.9389362730056
10.8,-11.2759508931896
10.805,-9.11737252977822
10.81,-3.46598666116009
10.815,-0.967890307302639
10.82,-1.92567863942215
10.825,-2.29475500098771
10.83,2.04613152442401
10.835,-2.9371620255163
10.84,5.74851418448215
10.845,2.4251544668933
10.85,5.97092569936032
10.855,3.22476447651356
10.86,5.96372890191378
10.865,5.17144154009171
10.87,6.48349328363994
10.875,5.89467684089315
10.88,7.24338341563313
10.885,7.38397246243096
10.89,7.65176092254541
10.895,7.18868587857827
10.9,7.46090354758643
10.905,8.26557360669081
10.91,8.13830304385662
10.915,7.83788089538203
10.92,7.64371008173049
10.925,7.75792269285618
10.93,7.54236348362653
10.935,9.41481033129932
10.94,7.75097382960568
10.945,7.8812929327286
10.95,6.52828533497207
10.955,7.82389330103244
10.96,5.32305467748724
10.965,7.48347656969723
10.97,5.876633267499
10.975,5.00594757232057
10.98,3.61302857725293
10.985,5.01627149329391
10.99,4.00729126246841
10.995,4.71927299824762
11,1.30148437044735
11.005,3.74891862470174
11.01,-1.24554130355511
11.015,0.355773120760716
11.02,-1.21561970636442
11.025,-7.7582289141688
11.03,-5.88580611997864
11.035,-2.48709534043802
11.04,-5.78513760403817
11.045,-5.47897663410295
11.05,-11.4440218609406
11.055,-23.3819360653632
11.06,-5.65918623927664
11.065,-11.3089686500385
11.07,-0.955568906012616
11.075,-5.17027377031744
11.08,-6.13405795060358
11.085,-6.03324912523262
11.09,-0.241810852927841
11.095,2.7686365681602
11.1,2.1583867821366
11.105,3.4025516280619
11.11,2.12040504279511
11.115,3.76456627186766
11.12,4.46267646531388
11.125,5.51530216801925
11.13,5.83751440227888
11.135,5.35854689065758
11.14,2.15292930142975
11.145,7.17954638476829
11.15,6.74758697954211
11.155,6.50075404507241
11.16,6.95904073489125
11.165,6.92864988331031
11.17,7.48491691239062
11.175,7.27145107299353
11.18,8.13137187824381
11.185,6.76514057563197
11.19,7.93191409350746
11.195,7.28356888778768
11.2,7.96201158961728
11.205,7.20158879054794
11.21,8.05446332077045
11.215,7.11173627933668
11.22,7.81357421149518
11.225,6.16265908279483
11.23,7.20091472259878
11.235,5.27298425400986
11.24,6.75410438648807
11.245,5.86026408913717
11.25,6.17682159419404
11.255,6.41707882790982
11.26,5.85645734775048
11.265,2.60694520188139
11.27,4.21544015214175
11.275,1.28113092626913
11.28,0.299089128267767
11.285,0.966949364039181
11.29,2.76543555525382
11.295,-1.73401630326146
11.3,0.0184973537946007
11.305,-1.71390929512505
11.31,-7.94939872760358
11.315,-8.93890721758405
11.32,-8.74709491842097
11.325,-13.8106347338515
11.33,-3.89305971237803
11.335,-36.4298816032312
11.34,-8.31607454442565
11.345,-5.93875486113851
11.35,-2.74864032370635
11.355,-4.02409876398895
11.36,-1.36080818950762
11.365,-1.39383216451358
11.37,2.48375152343726
11.375,3.28208830648495
11.38,2.72546661887328
11.385,2.58418975284624
11.39,4.02338003567324
11.395,4.63433041350883
11.4,4.48449317110234
11.405,5.50513130339408
11.41,4.67325758492139
11.415,4.91779411039451
11.42,5.87320397576654
11.425,6.25595661097248
11.43,6.15230089808715
11.435,6.6637004033703
11.44,6.68035887547529
11.445,6.89017223510584
11.45,7.32905485285573
11.455,6.93988446088721
11.46,7.48288498290756
11.465,7.16815373073992
11.47,8.38164528487719
11.475,7.6546252680852
11.48,5.86800183966257
11.485,6.73682380724267
11.49,7.75112167247158
11.495,6.25025807020644
11.5,6.69917946118969
11.505,5.67191872396572
11.51,7.15528585285702
11.515,7.28397036432253
11.52,8.22177037603574
11.525,5.96461281890649
11.53,6.72196397717636
11.535,4.77366895088574
11.54,4.71523522922138
11.545,3.98886547170605
11.55,4.9858677200552
11.555,3.03205491184846
11.56,4.30197157577612
11.565,4.15024346351355
11.57,0.859998490215489
11.575,-2.01233043026703
11.58,-0.164730294382508
11.585,1.15658835703236
11.59,-5.53744414632595
11.595,-3.97078932763357
11.6,-5.26134400143673
11.605,0.497258977822725
11.61,-23.1111822683862
11.615,-7.61948061154297
11.62,-7.38713296255642
11.625,-22.4977191773924
11.63,-8.2673717428073
11.635,-6.72140891538011
11.64,-12.4407247045772
11.645,-7.90917912412891
11.65,-4.3960199165877
11.655,-3.35485108750238
11.66,2.89868488256297
11.665,0.0421902314498084
11.67,1.22037333099975
11.675,0.0982726876576834
11.68,0.638034389937701
11.685,2.51662949046914
11.69,6.78400876015445
11.695,3.46470815776183
11.7,4.86971915062607
11.705,5.06854365153758
11.71,5.22793175918241
11.715,4.71286932091911
11.72,6.15822447457562
11.725,6.15396207538018
11.73,6.66538339745793
11.735,6.12917649769224
11.74,6.570919415856
11.745,6.65579657749443
11.75,7.78712783147044
11.755,6.78353126163674
11.76,6.81711398205103
11.765,6.52981012791844
11.77,5.7772553261396
11.775,6.88603821788924
11.78,7.66356262966744
11.785,5.19116915005092
11.79,7.1552121745723
11.795,7.07857107632779
11.8,7.38897146282106
11.805,7.03088744684452
11.81,6.56455311847213
11.815,7.15178649523682
11.82,6.74785317386126
11.825,5.97888860417932
11.83,6.1673904438242
11.835,5.27806413887284
11.84,4.40416791216423
11.845,4.69897538842271
11.85,2.83274998921623
11.855,3.74381860222846
11.86,2.11823807997814
11.865,2.1563415979948
11.87,4.57127293723268
11.875,1.60709006161181
11.88,1.22723594977381
11.885,-1.08626088403803
11.89,-1.22918760739175
11.895,-9.11739809142949
11.9,-1.99930299853432
11.905,-6.56194631833154
11.91,-7.80346503198251
11.915,-19.561528076735
11.92,-6.75132718498389
11.925,-0.424269342201143
11.93,-1.2351536290177
11.935,-11.9980667275608
11.94,-1.02697265591253
11.945,2.28930075826523
11.95,0.675560432683696
11.955,-8.89962346448219
11.96,-0.0902546811570346
11.965,-15.8345648686115
11.97,-0.729476394574874
11.975,-2.02209114677396
11.98,2.45501994047362
11.985,2.45286542147079
11.99,2.28619586087297
11.995,1.94668506752097
12,2.77146170591189
12.005,4.1828224723659
12.01,3.57802680663207
12.015,3.81311707007875
12.02,3.56438744648629
12.025,5.92051589309672
12.03,4.86312481081481
12.035,4.89408221359689
12.04,5.51374412700604
12.045,6.07074386490106
12.05,6.11737598479721
12.055,6.30583812395699
12.06,6.41699632075685
12.065,6.18473137302965
12.07,7.44199594159679
12.075,7.64600258532531
12.08,7.14100850825909
12.085,7.00510436261857
12.09,6.36588261536329
12.095,7.72673739031447
12.1,7.39478621733322
12.105,7.03980406570282
12.11,6.43532146950157
12.115,6.77302685369264
12.12,6.80845254391195
12.125,6.55610227803942
12.13,5.5718607221509
12.135,5.5646829536105
12.14,6.59281724633973
12.145,6.70914072896694
12.15,4.0964308201881
12.155,5.27126381000954
12.16,4.72143415337003
12.165,4.07499430418318
12.17,5.14084742564167
12.175,3.08865893122523
12.18,5.60843706488208
12.185,2.40485147846918
12.19,2.46833164210848
12.195,0.786677112057362
12.2,-1.36112263951253
12.205,0.52360643096128
12.21,0.342084386329319
12.215,-4.927667512764
12.22,1.49340360993313
12.225,-3.59411381528204
12.23,-2.1374664039366
12.235,-6.60080757973199
12.24,-11.5881567308077
12.245,-7.52028239133003
12.25,-10.4971028058545
12.255,-7.3708142934758
12.26,-8.18948613267216
12.265,-13.740459001378
12.27,-4.56246620113799
12.275,-3.31945236259462
12.28,-8.24686812547363
12.285,-5.43629514862849
12.29,-6.89263565305725
12.295,-4.51253460255735
12.3,-5.93502559675991
12.305,-0.0559557688483778
12.31,-4.94689916783464
12.315,-0.819584587318687
12.32,6.56045015708995
12.325,2.66791995667344
12.33,3.71378468592332
12.335,6.02474170588107
12.34,6.91031598138973
12.345,2.75035745339757
12.35,6.71268783792041
12.355,2.89649117080319
12.36,4.05354183378252
12.365,4.41056928892866
12.37,2.28445729728516
12.375,7.94883000639445
12.38,8.22165778218681
12.385,4.18598740331763
12.39,5.0962790175855
12.395,6.17695112579939
12.4,9.25980557829136
12.405,6.47298599165205
12.41,6.0248872405903
12.415,6.84802189766522
12.42,7.35215342555622
12.425,3.04935684586489
12.43,7.50353571488685
12.435,8.03960470256064
12.44,6.60243504291449
12.445,6.83769182358186
12.45,6.98584406323634
12.455,8.38266827852276
12.46,6.33377457748057
12.465,5.71215479017816
12.47,9.02604104617838
12.475,3.93024832439936
12.48,5.02547721848964
12.485,5.78115388202882
12.49,5.01254690479038
12.495,5.97090077071614
12.5,4.82467479410239
12.505,1.73845985085187
12.51,2.91480051267436
12.515,2.33814714235496
12.52,2.55357793216207
12.525,0.748191178901507
12.53,0.675279902697682
12.535,-2.45034767442702
12.54,2.75606535951789
12.545,-1.14726310892682
12.55,-2.92393004929215
12.555,3.39859178498671
12.56,2.64399946849558
12.565,-0.702397830746293
12.57,-1.71527657086025
12.575,-4.53460377818845
12.58,-3.67087054619189
12.585,-11.6590842385825
12.59,-4.96466309218229
12.595,-4.20903725831543
12.6,-3.61488963710642
12.605,-11.1802234905064
12.61,-17.7582653529253
12.615,-32.961299487371
12.62,-5.8197772928209
12.625,-0.646468515366223
12.63,-8.36109127596733
12.635,-12.6901062360746
12.64,-3.13663192075325
12.645,-7.02227836360429
12.65,1.21298850765599
12.655,3.46258307200944
12.66,-4.96280141299242
12.665,2.034763066602
12.67,-1.41951296696212
12.675,2.14321717538115
12.68,0.210734457806126
12.685,4.43337137550134
12.69,0.732446900071679
12.695,0.274964083967177
12.7,0.284037407755818
12.705,5.11143456896477
12.71,5.20635355253184
12.715,6.12414961405615
12.72,6.18721072039982
12.725,4.5628282003016
12.73,5.03581042153387
12.735,5.20477266866969
12.74,4.46510345700023
12.745,6.76445311369739
12.75,4.64182499747231
12.755,5.17474728395368
12.76,7.18469032603133
12.765,6.01461790218106
12.77,6.63438399095659
12.775,6.83896146412039
12.78,5.07254381905537
12.785,6.80041402860549
12.79,8.49397493388236
12.795,7.04077472589822
12.8,7.8724274234137
12.805,4.06517884533402
12.81,5.34169598507458
12.815,5.78544654197236
12.82,6.30469495799485
12.825,8.01585001042906
12.83,6.12708025945615
12.835,5.7955721861842
12.84,3.99039453254325
12.845,1.75227163117222
12.85,1.28762937350243
12.855,4.13426018390065
12.86,4.29061211973368
12.865,3.11172989014503
12.87,5.709957065677
12.875,4.93362118877472
12.88,4.04042170086083
12.885,7.44036890352932
12.89,1.22324394004458
12.895,3.80747966321685
12.9,2.15442473334757
12.905,3.7642993507595
12.91,1.33262703171602
12.915,2.41086991438038
12.92,-0.647663126450965
12.925,-4.16324211915686
12.93,-1.31285894121831
12.935,-2.4530756144224
12.94,-9.97698216533762
12.945,-4.03335851909979
12.95,4.9466647587446
12.955,-5.11956747302708
12.96,-10.8103725811628
12.965,-8.73770231289981
12.97,-8.23537179867398
12.975,-0.443372304969159
12.98,-7.67015195128657
12.985,-7.12658389048873
12.99,-2.59564850554997
12.995,-11.404928283457
13,-4.15203834395999
13.005,0.146352675785806
13.01,-6.66682597858602
13.015,-6.11873092395753
13.02,-3.70231349909793
13.025,-0.113714902806805
13.03,4.74798782700188
13.035,-0.964602650354649
13.04,6.23837777174323
13.045,-1.38187882422815
13.05,4.14281858449017
13.055,0.743064168385132
13.06,4.44583746814246
13.065,4.19385506661548
13.07,2.94511251658426
13.075,5.4430782793018
13.08,0.342632606318844
13.085,5.9479038569709
13.09,0.311021530086634
13.095,4.32483189685979
13.1,1.36809147779924
13.105,5.66180690129069
13.11,2.45910378904387
13.115,5.29431974280453
13.12,5.20859413372156
13.125,7.92396876829822
13.13,3.0346063741451
13.135,7.95290193676045
13.14,8.1948236444332
13.145,6.10918270719694
13.15,6.68509990683042
13.155,2.90516341434237
13.16,7.7223129934027
13.165,6.02834455745185
13.17,6.64692219712953
13.175,3.94431969902912
13.18,7.38185319473257
13.185,7.79101439515894
13.19,8.8565925073751
13.195,5.94030482887486
13.2,5.67611905546097
13.205,3.30225510839162
13.21,2.58483281104284
13.215,5.33024737626067
13.22,7.77467492590718
13.225,6.08170640821879
13.23,4.73404391845767
13.235,5.41185096364961
13.24,6.05964353042808
13.245,4.23228383185443
13.25,2.762315056521
13.255,2.41304707031823
13.26,7.32079212436646
13.265,3.04835605603853
13.27,3.42441351813892
13.275,-0.976052549045434
13.28,5.36076878645599
13.285,1.40110991017401
13.29,2.63186182525384
13.295,4.3288996728609
13.3,5.08650201953881
13.305,0.989595568972376
13.31,3.33373365223741
13.315,-7.12655877437091
13.32,1.4959659081583
13.325,-5.56464808866791
13.33,-4.18737201030703
13.335,-10.8085105171998
13.34,-9.05395097703857
13.345,-11.6989121865363
13.35,-2.723355491691
13.355,-14.256163383364
13.36,-15.1633802350492
13.365,-10.6198231341437
13.37,-4.82168830573248
13.375,-6.86854887573344
13.38,-9.41008188649747
13.385,-5.74520984130567
13.39,-7.82754340898946
13.395,-1.77692869440752
13.4,-3.6778649258188
13.405,-1.61844918733581
13.41,-13.6126628474836
13.415,-0.306611759818679
13.42,-0.948243512644098
13.425,4.80941497381676
13.43,0.19083848403551
13.435,1.15187728349909
13.44,-0.607420052293335
13.445,6.78769195698817
13.45,3.51689488763414
13.455,-0.231759462105856
13.46,3.26666985583188
13.465,0.110172053273061
13.47,1.71206308859101
13.475,0.907742102831037
13.48,3.53293865855571
13.485,3.68998744915795
13.49,4.86665924822708
13.495,5.88072254844917
13.5,5.93352661049545
13.505,5.33065571700101
13.51,4.64460253656007
13.515,2.24177622092935
13.52,8.95238922297011
13.525,-0.552356619085671
13.53,6.58156587680506
13.535,3.20172987164739
13.54,6.31010435182712
13.545,4.7560470167199
13.55,3.5878189759582
13.555,7.43722823978537
13.56,3.99741563435181
13.565,7.79093334858675
13.57,7.84892050245639
13.575,2.71442940029613
13.58,6.45832738870973
13.585,0.69781212128116
13.59,6.04663495163175
13.595,6.12944204526195
13.6,3.0331359945241
13.605,7.08865317384276
13.61,6.64155079519385
13.615,6.95938514672606
13.62,1.92743208414321
13.625,-11.4039348723942
13.63,8.23885948676559
13.635,5.38510708406156
13.64,4.53912464837123
13.645,5.19600217064215
13.65,2.26176021686314
13.655,3.63189251312426
13.66,4.91683662901958
13.665,1.57230119256435
13.67,8.50423541554643
13.675,1.48551088553255
13.68,5.43049432415222
13.685,5.57924514187857
13.69,1.40506329796652
13.695,2.66908697091486
13.7,3.29115034760342
13.705,-3.83006827487561
13.71,4.18306616269115
13.715,4.33411698187263
13.72,-6.44893574861241
13.725,4.74452687122132
13.73,-3.6499446358207
13.735,-3.03465057069819
13.74,-2.35202707985189
13.745,-1.51509235196207
13.75,0.873241355602744
13.755,1.12616782658968
13.76,-6.53196301978988
13.765,2.48384504668823
13.77,-19.8413221854602
13.775,-8.94422503422436
13.78,-15.0907594014141
13.785,-8.5780391497081
13.79,1.28673808706057
13.795,-1.05180394592873
13.8,-10.6621601939259
13.805,-1.4030908657886
13.81,0.259923487610337
13.815,-4.26117715721843
13.82,-4.91480470485094
13.825,0.402377160679933
13.83,-8.18478583279392
13.835,-1.12440703019449
13.84,5.65063626147082
13.845,-1.6203548188313
13.85,-2.02575127602745
13.855,-0.935074501439857
13.86,3.63327529742872
13.865,-3.64877937010172
13.87,5.05124127835261
13.875,4.71824600125152
13.88,-6.42582165416661
13.885,-2.44907692367967
13.89,-11.9046397540902
13.895,0.862133645818744
13.9,3.82087070850534
13.905,1.56366129241317
13.91,-4.8498449573228
13.915,2.12294725987563
13.92,0.199979575738851
13.925,4.85218991350692
13.93,4.89519356552067
13.935,4.37316323067074
13.94,7.60364571642359
13.945,1.39918620313496
13.95,-0.0188611090955533
13.955,4.45899765821302
13.96,6.60351591453866
13.965,4.29050750821878
13.97,-0.0136020533952745
13.975,8.04494042476374
13.98,6.12367254852148
13.985,-4.55598920177052
13.99,6.41559673464188
13.995,6.90585288935858
14,6.71725502121143
14.005,5.49682958366027
14.01,-0.0705759821263854
14.015,5.95217995944719
14.02,8.23654857418387
14.025,2.03321031741633
14.03,4.9301979919326
14.035,8.60125911242989
14.04,5.82510300709779
14.045,1.01804529979523
14.05,8.64146086725518
14.055,6.90763616396573
14.06,3.09422556752999
14.065,3.53372260030491
14.07,3.48961763326614
14.075,7.83343261342213
14.08,4.2541134009538
14.085,4.47348365565983
14.09,6.1178873795898
14.095,2.51072177529193
14.1,3.2391822302807
14.105,8.35767982309387
14.11,3.81756214048775
14.115,4.55981397096738
14.12,8.6618663824141
14.125,5.6333791304728
14.13,1.45216847649095
14.135,-3.36972621664344
14.14,3.17760292658174
14.145,-5.45606446439079
14.15,-0.096614042863564
14.155,3.17474300831188
14.16,0.650340851295965
14.165,5.60060249234076
14.17,-0.149640542976826
14.175,-0.720290063440316
14.18,2.81751713277266
14.185,-4.9249748837304
14.19,-0.747041822067672
14.195,-2.30007012467064
14.2,-0.821720826319108
14.205,-9.3437095064919
14.21,-9.73907166736808
14.215,-13.0794009089495
14.22,-0.58879748701149
14.225,0.419214228293413
14.23,-5.12954639465906
14.235,0.247230945409854
14.24,-3.7354330937208
14.245,-2.34711418509201
14.25,-3.46377904886165
14.255,-1.2976828181404
14.26,1.75762424421748
14.265,2.28544895749565
14.27,-7.83465917661752
14.275,-0.507829760918838
14.28,-0.247082315414374
14.285,-6.73930981135322
14.29,-2.55870740798682
14.295,-0.334869359439764
14.3,-1.76242378597038
14.305,-3.09847167773212
14.31,-5.54879789497015
14.315,-6.44186527403397
14.32,-1.16165578314984
14.325,0.974138506637246
14.33,-1.33164752183042
14.335,3.3343657506967
14.34,0.24772144173204
14.345,0.203180382890395
14.35,-2.12562235561865
14.355,-3.46161881375343
14.36,6.12090925069595
14.365,5.91157561274522
14.37,3.35587568816501
14.375,-3.28735359879765
14.38,4.98455307064613
14.385,2.15565977874796
14.39,-0.558913319020547
14.395,4.13147780897319
14.4,5.42275908631461
14.405,6.26500250011773
14.41,4.44014321930942
14.415,-0.164257215158727
14.42,5.30837037129385
14.425,2.1997863194531
14.43,4.60797907746507
14.435,5.75679531403341
14.44,1.24991147087957
14.445,8.03043212927028
14.45,2.08066129068246
14.455,8.06141938550013
14.46,7.2328648061804
14.465,5.59002119382566
14.47,2.73414634145455
14.475,1.83201960027932
14.48,7.35284015559373
14.485,3.34743549984159
14.49,5.04660370548713
14.495,6.72015426619605
14.5,8.04116641282826
14.505,5.2787391325265
14.51,4.53862511248659
14.515,3.41003240035403
14.52,4.43724350691093
14.525,7.85256559299833
14.53,3.49541987339896
14.535,3.96155124302726
14.54,3.28181510405965
14.545,6.10564740930684
14.55,4.31232316173299
14.555,2.49935260456408
14.56,3.29607754385131
14.565,6.33878851873914
14.57,3.00645847847697
14.575,6.92890974233281
14.58,6.61806509100725
14.585,-0.0732473011990891
14.59,5.24801215210493
14.595,2.67682062067504
14.6,0.144437201082866
14.605,2.67074926319856
14.61,7.05679695925983
14.615,4.07974370602685
14.62,8.39763297371616
14.625,-1.60538275860763
14.63,4.10209747428297
14.635,-17.6602185723934
14.64,5.82045738260686
14.645,2.47947838538231
14.65,0.944584199690809
14.655,1.69539994537759
14.66,-1.6065692410892
14.665,3.55558640938405
14.67,-0.629611476863701
14.675,0.471157092207193
14.68,-4.01113450482464
14.685,-6.32191601907199
14.69,-9.44363885522654
14.695,-1.37784281282612
14.7,1.19792753287882
14.705,-4.11198229665784
14.71,-6.86939802608694
14.715,2.76870716203454
14.72,-4.82981467968011
14.725,-4.36884579411296
14.73,-2.82230033856422
14.735,-11.6991055892021
14.74,0.930407977008386
14.745,0.712118266667517
14.75,-5.27497016021388
14.755,-2.30893492216659
14.76,1.93792906426293
14.765,-1.68224531275801
14.77,-3.69810142658997
14.775,-2.54043618529181
14.78,-3.17556521956048
14.785,-1.43826832377704
14.79,2.78404902271203
14.795,-5.75571323254321
14.8,-4.9934665751457
14.805,0.410428790919127
14.81,2.49184910407166
14.815,-1.70667413212473
14.82,-5.18368447405562
14.825,-8.79583428752439
14.83,-0.586921999687945
14.835,-3.32414547037179
14.84,-5.61991300359195
14.845,1.62496405760206
14.85,-2.38824683515341
14.855,0.71048025921543
14.86,-0.630506377536321
14.865,1.35468135531892
14.87,-4.48092897387303
14.875,1.49707098807916
14.88,2.77547723764543
14.885,-1.98055055081534
14.89,4.08956361652672
14.895,-0.520870939928898
14.9,-2.16643100336702
14.905,5.21114850654158
14.91,3.47302956456005
14.915,3.17867121948632
14.92,1.29643975112052
14.925,-4.75197368209999
14.93,-0.221418373886252
14.935,3.63191478743694
14.94,3.53878379132696
14.945,-6.61192955819749
14.95,1.95893219085814
14.955,3.58628213395374
14.96,0.991528173326856
14.965,0.409037195908866
14.97,-6.48568903262731
14.975,-7.58512762115325
14.98,-3.94406391042131
14.985,-0.360631189544392
14.99,2.59348415277451
14.995,0.726979659676417
15,0.33827361272553
15.005,3.09833170513116
15.01,4.8343440289525
15.015,-17.4828985949213
15.02,2.82449802424874
15.025,-8.45739092781376
15.03,-13.2958241788065
15.035,0.891587634453913
15.04,1.75085921942271
15.045,-0.53392204288653
15.05,0.827314988807117
15.055,3.0151351983879
15.06,-0.34283374160043
15.065,-6.32083913083579
15.07,4.07301752312253
15.075,-11.2102974920423
15.08,2.23503251083687
15.085,0.498898178648176
15.09,-4.21713770973587
15.095,-16.6434239721149
15.1,-5.26390675638447
15.105,-11.9103381385546
15.11,-7.94951570681694
15.115,-9.64745284146809
15.12,-8.47642871541684
15.125,-11.0276518138453
15.13,-4.17788706423472
15.135,0.531699741777032
15.14,-12.3594213833348
15.145,-3.14189948433381
15.15,3.62001389312925
15.155,-1.26379586694846
15.16,0.640488741436343
15.165,-13.9198648055933
15.17,-10.2337139607018
15.175,-1.10621261564893
15.18,-1.30509075695139
15.185,-5.61630504313574
15.19,3.46496202440997
15.195,-1.62131481890775
15.2,-12.222716452853
15.205,5.18698791532353
15.21,-3.1071235518495
15.215,3.45336639206373
15.22,-3.47582655855203
15.225,6.79524008044933
15.23,-4.48148466405161
15.235,2.97908304857354
15.24,-7.50515237113105
15.245,-5.20977046899145
15.25,-1.48678638123469
15.255,3.39382502165205
15.26,-0.673137272113905
15.265,3.24217075994153
15.27,4.8570581323891
15.275,6.15714768363641
15.28,2.89947764684118
15.285,3.1316203533473
15.29,3.38472057184988
15.295,5.826185128926
15.3,3.58591837397111
15.305,-10.2840847150282
15.31,-5.21432011846423
15.315,4.96778225031949
15.32,3.55709562751032
15.325,0.00226851830269936
15.33,3.15120505999155
15.335,4.87004353107551
15.34,5.98498435615542
15.345,4.03281261644051
15.35,8.84719915316121
15.355,6.06854753172431
15.36,4.08958692831756
15.365,5.47314232296171
15.37,2.27305488431698
15.375,0.715212347974131
15.38,4.55625051681903
15.385,5.86496425315605
15.39,4.25776689286231
15.395,6.18261111311243
15.4,9.14384578802523
15.405,4.06158970351325
15.41,7.2231427829494
15.415,5.46422128091358
15.42,3.4290907488969
15.425,8.59758389366206
15.43,5.02675161758393
15.435,-0.660179353878277
15.44,3.44262390136329
15.445,3.85954540826442
15.45,-0.945806743083807
15.455,2.06815452999273
15.46,7.10224564230394
15.465,9.49240806142765
15.47,9.70627139607411
15.475,2.88238749793717
15.48,5.18805877991561
15.485,6.52504445280182
15.49,3.02140938175422
15.495,4.69141923784213
15.5,-1.49953760045994
15.505,3.06640949265193
15.51,3.14668240732701
15.515,-1.07810795977042
15.52,3.33299196224958
15.525,3.48752904501279
15.53,6.35199618811765
15.535,6.30584173419528
15.54,6.69346120957684
15.545,3.53090738166284
15.55,-0.474114307990845
15.555,-10.889078835671
15.56,1.08326300456224
15.565,3.68232121586495
15.57,1.86491688117239
15.575,4.67538387293693
15.58,5.44355798866442
15.585,2.08886362088897
15.59,5.93110152660827
15.595,6.14526766565069
15.6,-1.03957486118112
15.605,3.18707168752171
15.61,-0.251884639986386
15.615,0.715581846558237
15.62,0.338639949566101
15.625,-14.8434418953995
15.63,-3.8158086907264
15.635,5.03280138664027
15.64,-5.1589008921256
15.645,0.770128049916323
15.65,-9.86221351446878
15.655,-0.470979771232123
15.66,1.42972570499128
15.665,-0.0740482059930514
15.67,-7.86766969891985
15.675,-6.75226523268253
15.68,-3.15576217868332
15.685,-8.4331854685562
15.69,-9.53097790552532
15.695,3.12273000383411
15.7,-3.81355288851678
15.705,1.33018169147391
15.71,-18.8202340040178
15.715,2.41077088213058
15.72,-6.69638108834198
15.725,-9.88241616054685
15.73,-2.7515596054204
15.735,-4.5519113391864
15.74,-5.24847836417388
15.745,-4.77426717541559
15.75,-5.40439821157285
15.755,1.64392957233808
15.76,2.24774936953497
15.765,3.07525587176247
15.77,-13.0401824728142
15.775,-12.8124131207908
15.78,-11.3075735207243
15.785,-7.56423675745437
15.79,-1.09571216078339
15.795,0.215327740300467
15.8,-2.52670428952922
15.805,1.65232288979915
15.81,-1.73961154064145
15.815,-1.37272094892913
15.82,-1.33966806590549
15.825,-0.431243408442285
15.83,1.21600084509467
15.835,-13.2735116114613
15.84,3.42929791977133
15.845,-1.48933764286323
15.85,1.74600797030391
15.855,2.64933759450133
15.86,-9.73792967272584
15.865,-0.833267558275963
15.87,4.86594954513578
15.875,1.36835736618823
15.88,-5.93872780966603
15.885,4.61063349434633
15.89,8.87666300945318
15.895,6.48545096762723
15.9,-0.530907638537911
15.905,2.07762297357147
15.91,3.90798608929616
15.915,5.48259810776786
15.92,5.76556336759363
15.925,3.24124906601028
15.93,3.47306415119778
15.935,5.71579082624615
15.94,3.67272203004637
15.945,6.27159066541995
15.95,0.315801427461224
15.955,0.70221960814024
15.96,5.07554745632567
15.965,8.61494800590948
15.97,0.583560824807421
15.975,5.23056720494836
15.98,7.09570053615329
15.985,7.49365762147343
15.99,1.25229271843766
15.995,6.50972172734583
16,5.81437972171165
16.005,7.02906502792234
16.01,2.57042636815144
16.015,7.0664740179118
16.02,1.24667484353346
16.025,1.54856183767315
16.03,-2.62132702392989
16.035,7.16403207657414
16.04,5.49664400608941
16.045,3.59428290745983
16.05,6.19224807823849
16.055,6.13633239099727
16.06,0.964210776925711
16.065,3.45228302470414
16.07,5.15381544637046
16.075,4.15238492031483
16.08,6.22235053390361
16.085,8.07518540932179
16.09,3.57292603045775
16.095,1.43646114611511
16.1,8.35580776967184
16.105,3.54185103462122
16.11,3.69694003466947
16.115,7.56823607836023
16.12,4.17801308725319
16.125,0.464259163501907
16.13,2.6677631577269
16.135,1.83680973183729
16.14,-0.883589624925321
16.145,-3.21031030773912
16.15,5.0692222827391
16.155,3.39369580963935
16.16,-0.842300140926369
16.165,1.64325503883087
16.17,-4.60416762010645
16.175,5.06846308658176
16.18,4.4283086144039
16.185,2.20405362601852
16.19,5.24491437340012
16.195,-5.41740260377911
16.2,-0.0834004237994606
16.205,5.41203591962122
16.21,0.494757896312507
16.215,3.84825957816486
16.22,5.88610154443323
16.225,-10.1613493572815
16.23,-1.71639924338393
16.235,-1.05135951452462
16.24,-2.65215108209279
16.245,-10.0293920842052
16.25,6.44188627097199
16.255,0.747983557648098
16.26,-0.0155893913413365
16.265,-4.50318251003469
16.27,0.890354201463182
16.275,0.868732804882555
16.28,-8.51622254388842
16.285,-1.9544473886006
16.29,-1.62159965662582
16.295,-11.0127402787464
16.3,-13.683134634664
16.305,-5.63569609722938
16.31,-6.49591915708137
16.315,-0.11588659853453
16.32,0.883885963008652
16.325,-6.66240880425056
16.33,-6.01881561508553
16.335,-4.77229768087975
16.34,0.291680741756664
16.345,0.863009620935955
16.35,-0.173724748672385
16.355,-3.30809682437821
16.36,-4.66046045645504
16.365,-0.0703780060917722
16.37,-1.91307318714183
16.375,-4.0998845906776
16.38,-6.01352753947238
16.385,-7.04627095048485
16.39,-2.04935000356404
16.395,1.43411623508329
16.4,5.30214609284732
16.405,1.30970199128416
16.41,5.78235909424073
16.415,0.00973037880805805
16.42,-0.365539386159298
16.425,-4.40643630862552
16.43,-3.5297168809355
16.435,-0.700326638347704
16.44,-1.89127084856781
16.445,-1.41252286502497
16.45,1.95107841529314
16.455,6.61915689812518
16.46,1.17365177703306
16.465,8.33962853297726
16.47,-1.98911760346726
16.475,4.23219543118825
16.48,5.38767276816793
16.485,6.25356827242437
16.49,2.84521933401366
16.495,0.100725816344777
16.5,9.4211494892303
16.505,6.50663822437504
16.51,3.03959241298875
16.515,7.14500110034501
16.52,3.10762364920987
16.525,6.17815195187741
16.53,4.18963552943657
16.535,3.62463867309255
16.54,6.35276058167349
16.545,3.09955217485359
16.55,-0.535959963995708
16.555,6.73798131426715
16.56,8.68505737988592
16.565,8.15859981540775
16.57,7.52789219472528
16.575,8.38732720950334
16.58,7.34276715739074
16.585,3.21012926202681
16.59,-0.147746697968401
16.595,8.05462453042638
16.6,8.03440366590618
16.605,5.95298813653787
16.61,3.59826011839053
16.615,6.45677933839639
16.62,3.39990017782753
16.625,5.4217434109955
16.63,1.3997225216897
16.635,4.93741196070872
16.64,6.3368458098673
16.645,3.1899565121266
16.65,-9.75987659028837
16.655,-5.88455017051217
16.66,2.60237874587378
16.665,2.17022031130347
16.67,6.59144901592897
16.675,5.92195315199193
16.68,8.94281099908171
16.685,3.0856040240535
16.69,5.45214674111676
16.695,4.99514993860298
16.7,1.97864649934431
16.705,4.05815611711586
16.71,5.76671505390333
16.715,2.90203130912745
16.72,7.21409344443092
16.725,7.230874300792
16.73,3.37047549488071
16.735,7.52826808415455
16.74,4.02476039591394
16.745,3.28421596727505
16.75,-0.331878227054887
16.755,4.03044138041938
16.76,-0.762287858958871
16.765,-11.9392391660167
16.77,-6.36161372236656
16.775,1.9409023757092
16.78,6.57459049158481
16.785,5.08814507168843
16.79,1.05711081976975
16.795,4.83667328248553
16.8,-1.68057230246554
16.805,3.4612829502689
16.81,-6.08596168601359
16.815,-2.94025987742481
16.82,3.67421808099324
16.825,-6.87647506821472
16.83,-2.81048013209218
16.835,2.12946849854085
16.84,0.349461970567361
16.845,-3.87884052697024
16.85,3.1634994009311
16.855,-0.290379841402526
16.86,-0.554754765332888
16.865,-10.466536454183
16.87,-8.02858889480444
16.875,-15.7998623422248
16.88,-0.84692681159656
16.885,5.01562154120612
16.89,-1.59568631939145
16.895,-0.74780130007467
16.9,1.18836822613115
16.905,0.367192392871914
16.91,2.46800052452804
16.915,3.87425210394177
16.92,-2.56475560753447
16.925,-13.0700853088913
16.93,4.84641318978113
16.935,-6.27882640549035
16.94,-0.971975135623296
16.945,-5.16394248327427
16.95,-8.41793634908862
16.955,-6.07644573875181
16.96,0.875595611449853
16.965,3.64135641205034
16.97,-0.647277895942935
16.975,5.83874310170296
16.98,2.29544297466499
16.985,-2.76634573124869
16.99,4.05449279569972
16.995,2.42720495461911
17,-1.65976448133713
17.005,-0.485743305248363
17.01,-0.111385158775889
17.015,0.620348748858845
17.02,5.01746827579686
17.025,6.68032709834816
17.03,1.97795199742151
17.035,3.21897896944786
17.04,1.7764074271461
17.045,1.40011801158747
17.05,4.51081405666991
17.055,3.7301427964325
17.06,-0.471418013797518
17.065,4.31037720685767
17.07,-3.49571097752933
17.075,5.42694369615731
17.08,5.265076126992
17.085,8.3841661389749
17.09,6.56892941477307
17.095,8.25250443824829
17.1,6.55322141056712
17.105,7.36152001838066
17.11,9.67727235261437
17.115,2.03980159650331
17.12,3.29787217798564
17.125,4.88652800601778
17.13,-0.69992048160546
17.135,4.88493431986825
17.14,7.6996800788674
17.145,8.75738957969216
17.15,5.44556665020305
17.155,7.25219737340505
17.16,9.66047381309889
17.165,6.62156063859912
17.17,7.8051618455157
17.175,8.07585122927691
17.18,7.72866008507594
17.185,4.34666343353652
17.19,6.29342745596013
17.195,6.67262553897461
17.2,8.02031494159974
17.205,5.50225275963271
17.21,3.76421765520035
17.215,4.92100590794657
17.22,5.90497235964
17.225,7.15749295240087
17.23,4.34538411839395
17.235,6.38975988972203
17.24,-2.34636878312698
17.245,6.75381631656138
17.25,4.10906323074978
17.255,4.12879771225572
17.26,5.3321921830684
17.265,6.3547610472437
17.27,3.83665648365729
17.275,1.3876487101015
17.28,6.2462752001926
17.285,1.21414113745243
17.29,1.90719418728209
17.295,3.50649539585706
17.3,-2.94775606503113
17.305,3.99287057132831
17.31,4.02226566910218
17.315,1.78594026366238
17.32,2.89070094418194
17.325,2.1185444376154
17.33,3.72918633871254
17.335,0.710765373970503
17.34,5.10167326211374
17.345,4.39703855166016
17.35,3.67736289748196
17.355,-6.463900744179
17.36,-1.94880070981984
17.365,0.797890016369934
17.37,2.52486711145056
17.375,-17.5217275232365
17.38,3.71955074389322
17.385,-1.20760654327134
17.39,-4.42806470036888
17.395,-3.0764442271585
17.4,0.257203838818114
17.405,-11.5158548417566
17.41,-6.97768994269161
17.415,-24.3157175863997
17.42,-7.99548176163354
17.425,-3.95378452161557
17.43,-10.3049930302825
17.435,-0.790552370879766
17.44,-15.465954574247
17.445,-12.9483770739587
17.45,4.14495373634819
17.455,-5.92683856513005
17.46,-2.33474402646087
17.465,-11.6147531785725
17.47,-0.262342765801165
17.475,4.24277794530238
17.48,-1.81693932296105
17.485,0.205061126341192
17.49,6.719980095778
17.495,5.57977152461518
17.5,0.972668449913158
17.505,-3.16256180474468
17.51,1.79228377612982
17.515,-0.898027707114835
17.52,1.47332787453581
17.525,-0.161194478025124
17.53,0.579061633966958
17.535,-0.969756368367428
17.54,1.1377695803403
17.545,2.22502636086371
17.55,3.5411751079321
17.555,2.89050137456712
17.56,2.00153922723254
17.565,3.13345971794709
17.57,5.13546709305945
17.575,4.3895553847663
17.58,4.6155686501944
17.585,5.00624294180535
17.59,5.84897467909315
17.595,5.8078136699348
17.6,4.0731601352303
17.605,4.45520362633741
17.61,6.10388178066944
17.615,2.71164501040815
17.62,5.44407624241387
17.625,5.44748015750525
17.63,4.78074716829934
17.635,6.44478899733565
17.64,5.5077328383683
17.645,4.40327711026674
17.65,2.2770755323139
17.655,6.93176122503326
17.66,6.76541728974058
17.665,6.17372052129983
17.67,6.76804901655035
17.675,7.09176608842341
17.68,7.08503227873901
17.685,6.82692748949108
17.69,5.1699026812971
17.695,6.30981178737294
17.7,5.84234946509019
17.705,7.21069115109837
17.71,6.46562914692313
17.715,7.24773450621589
17.72,6.82745301679179
17.725,6.43261556416456
17.73,5.99270967550811
17.735,5.20390836806537
17.74,5.72360898926642
17.745,5.64609331589799
17.75,4.52330804975902
17.755,4.69796158213407
17.76,5.16736654326267
17.765,5.07685609816031
17.77,5.59977998723285
17.775,5.46464988348363
17.78,5.56832617728045
17.785,6.41858603759394
17.79,4.08037745540227
17.795,5.53965959715643
17.8,3.74859395824659
17.805,5.41742945942184
17.81,4.39871387033975
17.815,2.55624289764586
17.82,4.9686847467141
17.825,3.36733256753533
17.83,3.42989027514363
17.835,2.41069399984261
17.84,4.1331322230113
17.845,4.70805789588817
17.85,1.7331605003093
17.855,-2.42312458824932
17.86,0.182257217438817
17.865,-0.41315486965766
17.87,1.62127244698979
17.875,0.201775821535193
17.88,0.0103911005056574
17.885,0.543148252386629
17.89,-3.41195615425175
17.895,-3.51898320694458
17.9,-4.0323408601698
17.905,-5.19012823101498
17.91,-1.26252503311272
17.915,-5.32173406876925
17.92,-4.50177218420919
17.925,-0.96721023923908
17.93,-10.4664765707597
17.935,-6.72271365070789
17.94,-11.5192825501421
17.945,-6.88407262724802
17.95,-11.4450579934195
17.955,-9.09274598630445
17.96,-13.7485255848247
17.965,-28.3291993056487
17.97,-17.1993124718816
17.975,-23.9845775964552
17.98,-7.24316207237163
17.985,-4.06940176179418
17.99,-4.08329817071748
17.995,-5.69373598578446
18,-3.90303221768893
18.005,-7.40493150142692
18.01,-4.67884504420365
18.015,-3.78435328761695
18.02,-9.48241458046473
18.025,-1.61452293704589
18.03,-2.08844467839874
18.035,-0.22461614442372
18.04,-1.44747520944964
18.045,-0.572596424988745
18.05,-1.61428950078292
18.055,-0.14874888347471
18.06,3.81402909940624
18.065,0.130494202673106
18.07,2.34499213670173
18.075,5.37019166102051
18.08,2.26758431747649
18.085,3.8221542721937
18.09,3.59206527811652
18.095,3.90632396295526
18.1,3.57076348091162
18.105,3.46423345146565
18.11,2.91715853768341
18.115,4.56120183415769
18.12,5.14717029223519
18.125,3.2170652076878
18.13,4.45727212685867
18.135,6.87367597297241
18.14,6.83299135516386
18.145,7.65450816399344
18.15,5.90526229534761
18.155,5.88653276109679
18.16,6.20699691119569
18.165,6.58185210334031
18.17,6.63884344250968
18.175,6.03467448348516
18.18,5.73342487297214
18.185,5.9140566995188
18.19,6.28282540429041
18.195,6.91221902885043
18.2,6.14623861655309
18.205,6.83845164869516
18.21,6.93503604542116
18.215,6.84475488004594
18.22,7.02656981442469
18.225,6.18356239324869
18.23,7.35684402189338
18.235,6.53381650449155
18.24,6.38588214602699
18.245,6.04812987527285
18.25,7.20690749374968
18.255,7.14552633328839
18.26,8.1492757681705
18.265,6.37624994334541
18.27,6.63712628599556
18.275,6.19731193331704
18.28,6.11890922314834
18.285,5.4195968640818
18.29,5.77526672931381
18.295,6.11727326102715
18.3,5.16220628357772
18.305,5.61713877310724
18.31,4.55558801652693
18.315,5.7738766752295
18.32,5.52147851795263
18.325,4.87267151358404
18.33,4.89209790469559
18.335,4.8110033038834
18.34,4.51039806040475
18.345,4.20415606407485
18.35,4.40478753815925
18.355,3.47892634220558
18.36,3.71980340611498
18.365,3.82358295551052
18.37,1.49675383885486
18.375,1.83869058008123
18.38,1.63805187694507
18.385,2.5372014311809
18.39,2.26731712022691
18.395,1.11643721439317
18.4,1.49900622040256
18.405,1.05707307095233
18.41,0.206054960860698
18.415,-5.8047681911338
18.42,-1.74225475438043
18.425,0.411964429612055
18.43,3.86097981778492
18.435,-5.980989574782
18.44,-5.28102809858102
18.445,-1.3682567289281
18.45,-3.09165993625076
18.455,-4.00020126360332
18.46,-20.6868609738404
18.465,-4.04285417478306
18.47,-9.11601765811075
18.475,-14.8635006992057
18.48,-31.0479456781991
18.485,-7.20715208409436
18.49,-6.28981648115051
18.495,-8.18222210336855
18.5,-9.82146993437121
18.505,-17.6826967086136
18.51,-11.6624822784223
18.515,-16.8227661435054
18.52,-6.79611664019042
18.525,-8.10924866718094
18.53,-7.45387369602368
18.535,-5.8430955250119
18.54,-3.50518152802439
18.545,-1.89399321867704
18.55,-2.54725385086152
18.555,-6.08201310095133
18.56,0.256726258981686
18.565,1.45744184605032
18.57,1.91321427423168
18.575,-0.396948234173891
18.58,-1.07868857945954
18.585,0.216091971565945
18.59,2.30142522510147
18.595,2.79710994549643
18.6,2.30208531131123
18.605,-0.249285140668761
18.61,3.52527732219947
18.615,4.01198758772159
18.62,2.22223514961095
18.625,3.72507339864954
18.63,3.16009187448198
18.635,4.19250199720842
18.64,3.88668228663494
18.645,3.64738810909373
18.65,3.3239338985021
18.655,5.11029481862958
18.66,2.88945872031067
18.665,5.26017066119965
18.67,7.73441112492075
18.675,4.1438876621996
18.68,7.08802767128405
18.685,3.15262024203341
18.69,5.36399344252254
18.695,5.79650867214166
18.7,5.33664809688484
18.705,3.48588980624618
18.71,7.51009378971115
18.715,8.88606431095934
18.72,7.23494735246882
18.725,6.05150861427998
18.73,10.416934334527
18.735,6.57117664445013
18.74,6.77605887745733
18.745,6.73613871032148
18.75,7.37655574953656
18.755,6.25674063433749
18.76,6.54480999117648
18.765,6.52589389143907
18.77,7.21623339057375
18.775,8.42374734806455
18.78,7.46283722927603
18.785,6.96588482175636
18.79,7.20382895450234
18.795,6.56924746844436
18.8,6.58311477929419
18.805,6.52953755206819
18.81,5.22071024067905
18.815,5.96487505493226
18.82,6.248433488741
18.825,6.23045025811778
18.83,4.92833377469611
18.835,5.42697151183219
18.84,6.02712313725246
18.845,4.12578214331941
18.85,5.51280715280201
18.855,4.47484110601266
18.86,6.03724932617753
18.865,5.50643540928633
18.87,4.1784760450095
18.875,4.6225809970958
18.88,5.8179928265144
18.885,3.15142476438635
18.89,3.51456338574931
18.895,1.87094228056444
18.9,2.74051152508312
18.905,4.54657098603739
18.91,4.80816501950346
18.915,2.24881229157172
18.92,1.73370171103694
18.925,2.89752931978877
18.93,4.69441199854259
18.935,0.0575093235915887
18.94,-0.847803879867683
18.945,1.71273195118141
18.95,-1.33588337365367
18.955,-1.434846441297
18.96,0.733511558792159
18.965,-1.53862190051598
18.97,-0.52752917389985
18.975,-2.05753788490566
18.98,-0.88907719839608
18.985,-0.11484454523756
18.99,-2.3638600263094
18.995,-7.70592900442779
19,-11.8551180110575
19.005,-7.88590378043796
19.01,-4.34117427211716
19.015,-7.93494911854955
19.02,-8.70128335255117
19.025,-7.04518171364732
19.03,-11.121250022028
19.035,-11.6114526227456
19.04,-13.5849963028591
19.045,-10.6819071491288
19.05,-10.931428643186
19.055,-5.1787528027148
19.06,-5.54510885013019
19.065,-8.54671859722224
19.07,-2.71931357810651
19.075,-5.8438031344372
19.08,-7.55864398331587
19.085,-1.46653958682165
19.09,-3.1294486256395
19.095,1.01900907797113
19.1,1.43450576967268
19.105,-2.9806717016415
19.11,0.355089830320281
19.115,6.67126841670776
19.12,2.06802970284998
19.125,3.42395683702554
19.13,0.496255378494737
19.135,1.94539008509608
19.14,2.02709967436223
19.145,3.46911330575765
19.15,2.4290982318867
19.155,3.50609829456737
19.16,6.21799768372007
19.165,4.16074104731788
19.17,2.02242218222267
19.175,3.69794428577882
19.18,6.41914409201057
19.185,4.049756268819
19.19,2.79933219500697
19.195,7.25417251560719
19.2,4.91807956836664
19.205,6.59138781352711
19.21,5.76867157623674
19.215,4.46239079148521
19.22,4.64800476483454
19.225,6.81286975538863
19.23,7.63865095678869
19.235,5.1898206573222
19.24,6.80128107855775
19.245,6.93885261232263
19.25,7.49095960713393
19.255,5.45643837569574
19.26,5.86058256001141
19.265,6.41207374752656
19.27,8.3894143707609
19.275,8.18440721894363
19.28,6.99806931047193
19.285,6.34743404956356
19.29,7.28067879629913
19.295,7.23074127197935
19.3,6.75774911967508
19.305,6.47286794979873
19.31,6.75494736566257
19.315,7.00669165457883
19.32,6.08435474769564
19.325,7.65427042989829
19.33,7.32068062491288
19.335,7.2926797548874
19.34,7.54225542714916
19.345,6.98095570265987
19.35,6.05831303826301
19.355,6.54979574761663
19.36,7.14124624258737
19.365,6.87642913439862
19.37,6.01422412257132
19.375,7.05551558468828
19.38,7.28266102175215
19.385,5.6736413704744
19.39,6.88480685469557
19.395,6.159782942503
19.4,5.35422135676301
19.405,5.03106160703481
19.41,6.40164839617927
19.415,6.23290507155005
19.42,6.49094164466678
19.425,1.6469944704603
19.43,4.39040128136186
19.435,5.50750920487837
19.44,5.38903600420005
19.445,3.66708621767634
19.45,3.48320167261443
19.455,3.7058863548996
19.46,2.44056045862722
19.465,4.57290505909225
19.47,0.741376219689016
19.475,1.38736445012138
19.48,-2.88694436331666
19.485,-0.860043060495215
19.49,3.73783863434312
19.495,-7.26764528837327
19.5,2.20802267009572
19.505,1.55692531297757
19.51,3.34078552989989
19.515,1.72067012228723
19.52,-6.66788583359187
19.525,1.28170496105291
19.53,-2.26247894157444
19.535,-3.6103970512156
19.54,-0.267745399044273
19.545,-6.94492095111902
19.55,-13.6616929192802
19.555,-10.9048913062368
19.56,-5.36788009629012
19.565,-22.7403625288995
19.57,-15.9395933695627
19.575,-14.4647333873578
19.58,-6.89373037144352
19.585,-13.1130261556
19.59,-13.6862541980819
19.595,-3.66655059203975
19.6,-7.62603663170179
19.605,-5.45754342291947
19.61,-14.1004370010845
19.615,-5.66672784920948
19.62,-4.55918469018924
19.625,-4.41340212877795
19.63,-0.276585583476788
19.635,-0.246114969360377
19.64,-1.96481410474414
19.645,-8.46586382248543
19.65,-5.98775838928866
19.655,-0.540295623092874
19.66,2.10998366886879
19.665,3.65872087646254
19.67,-1.13911613435739
19.675,-7.07029473044781
19.68,3.41613547280581
19.685,0.992752022436548
19.69,2.73400575567474
19.695,1.54704173655328
19.7,-1.02960191070146
19.705,5.78716873967119
19.71,5.0093834688688
19.715,6.825708881434
19.72,-1.53267745196401
19.725,3.6320229126804
19.73,5.53982035341707
19.735,6.22457189232
19.74,6.17988121136185
19.745,2.78965367306564
19.75,4.67881779164544
19.755,6.04303652326439
19.76,7.93706748764029
19.765,5.98280288900688
19.77,5.34202034249509
19.775,7.83711444610688
19.78,4.89735248781066
19.785,9.36749044908518
19.79,6.63138508619974
19.795,1.08909691896028
19.8,4.10971248243837
19.805,9.63101523659722
19.81,5.72325182769895
19.815,5.96622969648799
19.82,8.66524568014597
19.825,8.09095601271423
19.83,9.39189228034775
19.835,7.16367417497545
19.84,5.41690092171848
19.845,6.45508624890711
19.85,7.37944003923766
