t,SINR
0,55.4210247335115
0.005,62.1321617523129
0.01,61.3752486731018
0.015,60.262936486137
0.02,62.7074043288667
0.025,61.5976598083592
0.03,60.1926223405627
0.035,60.4625440159726
0.04,61.2360979572211
0.045,61.6130926956328
0.05,60.9392764674876
0.055,59.8414738718042
0.06,60.5072462647409
0.065,62.3690487254959
0.07,61.4244387409432
0.075,60.9064216470492
0.08,61.9295628953526
0.085,60.9248668921375
0.09,61.5897052948713
0.095,61.4659089991546
0.1,59.3449947645726
0.105,61.609264233102
0.11,60.2548225549925
0.115,63.1370574103887
0.12,60.4768253505389
0.125,57.0041189347384
0.13,61.2558467153573
0.135,63.8664743316584
0.14,59.0810252402132
0.145,60.3387574747758
0.15,60.3675230508778
0.155,59.3410615681899
0.16,60.7010903207059
0.165,60.5926198575756
0.17,60.6990249451764
0.175,61.3665454152354
0.18,60.2344741587838
0.185,61.9213549188492
0.19,59.1431052913148
0.195,59.9353813471418
0.2,60.9258450663152
0.205,60.0161997414719
0.21,60.5226239310222
0.215,60.1382832209695
0.22,60.8188694072744
0.225,60.072469784488
0.23,61.5599892843311
0.235,61.6067650182009
0.24,62.1182505015686
0.245,60.6439686916443
0.25,61.0433778916346
0.255,61.1316367535372
0.26,59.3774043772428
0.265,59.6928605633552
0.27,61.8120286041102
0.275,59.5568493444697
0.28,59.0516569826604
0.285,59.8676358264119
0.29,60.7042863226877
0.295,63.1447715598517
0.3,59.8944427240636
0.305,59.4666802198823
0.31,62.2331689898959
0.315,60.4932359386228
0.32,61.5162156293837
0.325,60.8605571372502
0.33,59.987858375522
0.335,59.509029113599
0.34,61.1877615815203
0.345,61.2745797323003
0.35,59.24262042276
0.355,59.5339062548404
0.36,59.2365644650724
0.365,60.6064546649911
0.37,59.3399560379075
0.375,60.4083343235008
0.38,58.7570212276271
0.385,59.4379950846945
0.39,59.9917160304545
0.395,60.382469101929
0.4,60.4103698985838
0.405,59.6747358202041
0.41,58.5687833173406
0.415,59.2108764523414
0.42,60.9079367952014
0.425,60.501919669383
0.43,59.6569833008278
0.435,59.2401143096102
0.44,57.463844875798
0.445,58.4090132326421
0.45,61.3165855866285
0.455,60.4901911343309
0.46,59.3818953266561
0.465,58.7704165970829
0.47,59.2419870425931
0.475,58.6147378778656
0.48,59.5985798076673
0.485,60.29881487653
0.49,59.527273579295
0.495,60.2160496919607
0.5,57.3151016511631
0.505,58.6711730527357
0.51,58.6958367447641
0.515,58.9138815308566
0.52,60.9430862688436
0.525,60.7375395891784
0.53,60.3701115683046
0.535,56.6451027033614
0.54,57.7234403219279
0.545,60.5975086510769
0.55,59.6879802952763
0.555,59.1737902215934
0.56,61.2537026575862
0.565,59.65570010941
0.57,57.9964281009309
0.575,57.2394726499472
0.58,57.7040480108356
0.585,59.7795708552965
0.59,60.4811057705066
0.595,61.8347856738908
0.6,60.2172772943822
0.605,59.8398638459698
0.61,57.5726517203156
0.615,56.8091181666126
0.62,57.772689958106
0.625,57.896053212544
0.63,58.7258710866463
0.635,60.0478001409109
0.64,58.9303499035941
0.645,58.2472653852837
0.65,58.2447273297133
0.655,56.1115950710756
0.66,56.6877233222591
0.665,59.1637399896182
0.67,58.8823340490987
0.675,59.5418450905469
0.68,60.6471595099697
0.685,59.8826374156567
0.69,59.2429826906997
0.695,56.4789404587232
0.7,56.9276253481578
0.705,57.2531016897578
0.71,56.4208243135532
0.715,57.8640544433869
0.72,57.819447201022
0.725,60.5747371568676
0.73,57.7103055583629
0.735,61.1561656878642
0.74,58.9045800492858
0.745,57.3993308077258
0.75,57.7979675777953
0.755,57.1128978564697
0.76,56.5007290720302
0.765,57.1104793365568
0.77,56.5088573337941
0.775,58.0081746052175
0.78,57.8353717511354
0.785,57.2476034907128
0.79,57.4154663652211
0.795,57.1496770872086
0.8,56.7154634674257
0.805,57.0659132914435
0.81,54.3666951064394
0.815,55.9160959566911
0.82,55.5450048154069
0.825,56.4203068611484
0.83,59.0398594434197
0.835,58.3498020629621
0.84,63.3425054322829
0.845,59.404674723368
0.85,57.3260917519999
0.855,58.1921367951531
0.86,56.2040316328177
0.865,56.3069470926904
0.87,56.0434263742517
0.875,56.816808436133
0.88,55.7290536549725
0.885,56.0276455444051
0.89,57.4274148188101
0.895,57.4015352289143
0.9,59.1194967377542
0.905,58.5413209895751
0.91,57.0837928067999
0.915,57.7755404111572
0.92,56.204710573086
0.925,55.7883163923248
0.93,56.3006639503147
0.935,57.0095182713887
0.94,54.5002233509734
0.945,54.653385768089
0.95,52.62349200423
0.955,56.9981969647113
0.96,56.279445534607
0.965,56.1895558335835
0.97,56.7144028968511
0.975,57.4717634958682
0.98,56.9553238885292
0.985,57.2690133118334
0.99,59.8019783326892
0.995,55.6452023411456
1,55.5122864747391
1.005,55.1059007378302
1.01,52.8935947622881
1.015,54.3148348665992
1.02,55.1753032678097
1.025,55.7684262373353
1.03,56.2108715347592
1.035,56.5553970651791
1.04,58.7010962330139
1.045,56.6319031246798
1.05,56.8519583508898
1.055,57.9804339900318
1.06,57.1983920947593
1.065,57.7516607676112
1.07,57.7888777074971
1.075,56.0159147826007
1.08,54.6089485151272
1.085,54.3693460445841
1.09,54.1111654614954
1.095,53.8786038763555
1.1,55.1476722778747
1.105,53.833359520711
1.11,53.8235317921858
1.115,55.2360398818187
1.12,54.7667038085081
1.125,54.2318100905096
1.13,56.7919110660745
1.135,56.4785542930131
1.14,57.9433627789859
1.145,57.9962150970545
1.15,58.1523455730118
1.155,56.708307922022
1.16,57.0869924534947
1.165,54.1676908482793
1.17,55.1099400856184
1.175,55.4925740301404
1.18,55.3109309573408
1.185,53.051517773401
1.19,54.0574349466827
1.195,55.2529762807188
1.2,52.8481322479629
1.205,52.3340358708158
1.21,54.9626832695838
1.215,53.9504178334129
1.22,53.9297827146166
1.225,54.0310565769363
1.23,55.192166665695
1.235,57.2217564110988
1.24,55.0795739705723
1.245,57.2209554489972
1.25,55.9932056726375
1.255,56.6845292359941
1.26,55.8003783061983
1.265,55.492434435183
1.27,59.2533307873581
1.275,56.3697527649407
1.28,55.8829149355902
1.285,54.4997655066978
1.29,54.4803781824375
1.295,53.8242089409701
1.3,52.946719544322
1.305,50.1969897684882
1.31,53.1811347283287
1.315,53.5658461113505
1.32,56.000748065836
1.325,52.2672830218186
1.33,55.4764390136793
1.335,53.6160029250485
1.34,53.1627122458091
1.345,58.9307031177198
1.35,57.792747948639
1.355,55.6100316593579
1.36,60.0217582685463
1.365,55.9014577400403
1.37,58.5545854962797
1.375,59.2771136703694
1.38,55.2476260191907
1.385,55.9063908411685
1.39,54.7455684850878
1.395,57.6576508231279
1.4,54.5632640584959
1.405,54.8887963789795
1.41,56.8963626658452
1.415,54.1638665417288
1.42,53.7437897834408
1.425,52.9782317440436
1.43,52.3110257102732
1.435,52.1887332628506
1.44,52.9013743909573
1.445,51.7416250841238
1.45,52.290346080857
1.455,51.4755473007982
1.46,51.8415588685549
1.465,53.386771760851
1.47,51.8390197492395
1.475,51.1346588314397
1.48,53.6423794995168
1.485,53.4793272595811
1.49,53.2717755847295
1.495,57.8511852646945
1.5,55.3653775285049
1.505,54.2935093784925
1.51,54.428330757834
1.515,53.099711287111
1.52,53.6307262057846
1.525,55.7050988749185
1.53,54.70864556677
1.535,53.4698545513357
1.54,56.1946729014882
1.545,54.3594949169665
1.55,54.4701391073303
1.555,54.6745261198872
1.56,53.927293442398
1.565,54.2997892777325
1.57,55.2375582835263
1.575,54.8204564416247
1.58,55.1227302321205
1.585,53.0922097479023
1.59,53.4435828622037
1.595,52.3647723598499
1.6,52.9435937140243
1.605,54.4054090379758
1.61,54.0360616928069
1.615,52.3472426308413
1.62,50.917653322453
1.625,49.9507386882738
1.63,50.5791242794065
1.635,50.9750241272668
1.64,52.1982508018495
1.645,51.7859393808023
1.65,53.641973069453
1.655,52.3445194480091
1.66,50.7647069988718
1.665,53.8323386697723
1.67,54.1172207458818
1.675,51.391973134337
1.68,54.5765542987762
1.685,53.6867323381895
1.69,54.3919425524853
1.695,51.2889564025889
1.7,53.1174595580834
1.705,54.6329668459432
1.71,54.9189491916251
1.715,50.3753795013562
1.72,54.8005001958811
1.725,55.4802929408066
1.73,50.3189829798811
1.735,52.6337247320297
1.74,53.5616009493681
1.745,54.489720809182
1.75,54.0173040660682
1.755,53.3823475863454
1.76,54.6999886846939
1.765,53.5433795769386
1.77,51.4040225861276
1.775,49.9973379689579
1.78,51.3983464562101
1.785,48.124331498648
1.79,51.7161789540789
1.795,51.2932133262019
1.8,52.0821629806989
1.805,51.0664651898223
1.81,50.3724720186802
1.815,47.162401995995
1.82,51.3510608457701
1.825,51.6765735643661
1.83,51.6171331333742
1.835,52.1700884875476
1.84,51.479428834432
1.845,47.1238480480713
1.85,50.299458554036
1.855,50.8233758917739
1.86,50.9522191246371
1.865,48.8442418319924
1.87,52.2301760771914
1.875,49.6789165214264
1.88,45.6771194387114
1.885,51.0683509999866
1.89,53.9749932635559
1.895,52.364625721545
1.9,52.3174330432643
1.905,50.737530106382
1.91,53.1037090474206
1.915,52.1984409594753
1.92,52.6106743299385
1.925,53.3806091190522
1.93,54.7497208022402
1.935,53.9588709974619
1.94,53.7426361566969
1.945,54.6790801354883
1.95,52.615401987039
1.955,54.5357373591271
1.96,54.2704676943045
1.965,52.4080568489736
1.97,54.0430575862849
1.975,54.20183349316
1.98,52.6411541424376
1.985,55.0894050240842
1.99,52.3531434308811
1.995,55.2654218141447
2,46.7366595696009
2.005,52.4365057979539
2.01,52.9388841408743
2.015,48.6083460712061
2.02,56.1977517532717
2.025,49.3225398532333
2.03,53.082146935909
2.035,49.2236605298178
2.04,53.8819006056762
2.045,52.1945825986675
2.05,51.7804837090446
2.055,52.5315765916542
2.06,50.8234390964672
2.065,47.9825794179594
2.07,52.0364430133997
2.075,47.3312835800072
2.08,49.4862446876746
2.085,48.4001163011403
2.09,49.3170247813094
2.095,51.6369478861206
2.1,50.1148841871304
2.105,51.2748387494493
2.11,52.0705866443864
2.115,51.4750381580441
2.12,47.2500331506319
2.125,49.8899554988419
2.13,48.7890917764254
2.135,43.6985505817294
2.14,50.4218428382235
2.145,45.9375828200347
2.15,45.6674191575737
2.155,48.4278499831647
2.16,47.7258937708151
2.165,49.3599048114137
2.17,50.4347537384859
2.175,48.6816232180404
2.18,44.1635226175913
2.185,52.6475459639751
2.19,49.5335531235087
2.195,46.2375917117697
2.2,51.510300057883
2.205,50.1726666914072
2.21,52.2806165808087
2.215,52.6570447179746
2.22,57.4737884625477
2.225,52.1234622715664
2.23,54.0517837281783
2.235,50.0482718692948
2.24,51.4922825139356
2.245,56.3067082466502
2.25,53.2451959991886
2.255,52.9723911124287
2.26,55.0881941500665
2.265,49.5707571074224
2.27,49.1385687126221
2.275,50.911707314417
2.28,51.2634816867189
2.285,50.1283531296904
2.29,45.8985341849959
2.295,50.1870327264484
2.3,51.7305856247762
2.305,53.9784342291199
2.31,52.4060943703339
2.315,56.1540102018771
2.32,56.9011137607944
2.325,51.7706263337193
2.33,50.6526526586537
2.335,55.5205178291517
2.34,51.7692162527989
2.345,54.0594183800456
2.35,53.0487372875171
2.355,52.9817499383774
2.36,47.981449682997
2.365,52.6954936025338
2.37,48.1639242374102
2.375,53.0546660487535
2.38,50.711077247542
2.385,51.4615450825876
2.39,49.9905061327294
2.395,50.565077140203
2.4,49.4803789518242
2.405,50.1489522067534
2.41,50.0980769563578
2.415,49.2643540918352
2.42,51.0252335746949
2.425,48.4290500333421
2.43,50.0193153720575
2.435,47.7714200527678
2.44,51.9954619391314
2.445,50.6670416655451
2.45,49.1288342275143
2.455,47.9103935982022
2.46,49.4376174070895
2.465,47.4209914248197
2.47,47.4955804155343
2.475,51.9775739749602
2.48,49.6157401835046
2.485,49.7997467448286
2.49,40.7054201769668
2.495,47.7580865933285
2.5,43.1347959641476
2.505,48.8762447188521
2.51,48.2377241396724
2.515,50.1325161936795
2.52,44.9980832441816
2.525,47.5753760489345
2.53,45.978427355267
2.535,48.6568511492807
2.54,52.7782833781558
2.545,40.7127893069529
2.55,47.0363420554138
2.555,48.7746938664815
2.56,46.2872831730948
2.565,50.1610825142227
2.57,51.4564391890136
2.575,49.8770326210809
2.58,46.5491654341604
2.585,54.0918358088616
2.59,48.6242447309711
2.595,50.3002821572536
2.6,50.8589911268834
2.605,49.1617364622442
2.61,49.4305127248384
2.615,49.5339289425412
2.62,50.2525681102815
2.625,49.2819502778205
2.63,48.8002089554235
2.635,49.4871069689863
2.64,47.9962024146545
2.645,48.288779059202
2.65,52.005466833136
2.655,49.3704365243946
2.66,50.2328351537569
2.665,45.0362128385172
2.67,45.9190982438306
2.675,50.566983619811
2.68,50.8579730524511
2.685,46.2156459441155
2.69,52.9628801778037
2.695,50.7209709560099
2.7,50.0057367197239
2.705,49.2864368828158
2.71,49.5256557564808
2.715,49.2795236743076
2.72,51.3786561070154
2.725,51.4537010809674
2.73,45.2832392105575
2.735,51.3428950357896
2.74,47.5035755689276
2.745,51.0055773283341
2.75,50.5735044210592
2.755,47.0079176215517
2.76,49.9337287198243
2.765,54.6318475177138
2.77,50.1982133950362
2.775,49.6991292837393
2.78,49.1007162043136
2.785,49.9939193481659
2.79,43.7238439137719
2.795,50.9211909952393
2.8,51.9956272996315
2.805,49.6176775164916
2.81,51.0711386438321
2.815,49.5366263890476
2.82,52.305287339776
2.825,49.0769039710318
2.83,47.8359080242968
2.835,52.6753923279462
2.84,46.8620358677912
2.845,51.8607267339912
2.85,50.3335865150901
2.855,48.2999903223204
2.86,45.7440048428558
2.865,51.8086911425593
2.87,45.928858529026
2.875,48.3312184320719
2.88,47.0024880786943
2.885,47.2364637530881
2.89,47.7644851156253
2.895,48.9367281711272
2.9,51.2739484296343
2.905,51.8065405981417
2.91,50.0364603964195
2.915,49.5315711528652
2.92,49.9795412938511
2.925,43.9488099963909
2.93,48.4136495522791
2.935,47.1968914521443
2.94,42.3684768855064
2.945,47.9069206837954
2.95,51.0445641990475
2.955,47.1687867071439
2.96,51.3182745683522
2.965,50.7166204146636
2.97,43.7775894983038
2.975,43.609808773871
2.98,43.1694696071659
2.985,49.9755946463699
2.99,47.5944516993097
2.995,47.1785148468834
3,48.5060402132369
3.005,46.5695094974348
3.01,50.1243741301081
3.015,47.0580885239686
3.02,48.3140816224449
3.025,47.2564390058119
3.03,48.2040723109307
3.035,48.2129863965461
3.04,46.2660332885279
3.045,48.1234159757365
3.05,47.1097720147373
3.055,44.454050409838
3.06,48.4765951040057
3.065,38.0172478515281
3.07,42.7435705492091
3.075,43.6784141618517
3.08,48.4132432296388
3.085,48.7221890541957
3.09,49.1574945427439
3.095,48.7649026194829
3.1,46.6914388272127
3.105,41.7855465626851
3.11,43.9705962257645
3.115,44.0205446902979
3.12,46.5277639841344
3.125,48.176186036341
3.13,47.6566358526037
3.135,48.4323446810944
3.14,47.2045826367978
3.145,46.0646861883047
3.15,48.4089410686072
3.155,46.8742885846442
3.16,45.7314213743743
3.165,47.6695862491319
3.17,46.0071109504154
3.175,41.0995123874847
3.18,43.4991819643015
3.185,47.7774156227285
3.19,43.7984810096896
3.195,43.1334257347498
3.2,35.6643396905837
3.205,39.0427313859681
3.21,49.1893194477642
3.215,34.8946067413889
3.22,45.483090193987
3.225,42.2766448898459
3.23,47.5358335549174
3.235,43.3040076761849
3.24,47.0858077771425
3.245,47.5570168954041
3.25,49.3741831463092
3.255,47.7413091483384
3.26,37.9892056038629
3.265,44.543891495967
3.27,42.7175172980165
3.275,46.4253391163661
3.28,45.6544310387805
3.285,31.7465673050953
3.29,44.3678538910244
3.295,44.0680926212273
3.3,46.7411791118201
3.305,42.0886500589621
3.31,46.7885771620832
3.315,43.3462770028985
3.32,47.3523708763768
3.325,43.8959165011048
3.33,41.2003076656687
3.335,45.693518211725
3.34,49.9574856259705
3.345,46.3255959678117
3.35,48.6668893593359
3.355,48.0387323944752
3.36,48.0980992779171
3.365,44.2643168793145
3.37,48.3496846078172
3.375,44.9237017170495
3.38,44.0043869675632
3.385,47.8719922116884
3.39,54.6213912572149
3.395,44.1453816527749
3.4,45.2988758738532
3.405,44.8281949702977
3.41,49.0282571490896
3.415,43.311525410463
3.42,44.8775095278726
3.425,43.3453914835424
3.43,44.2774285866224
3.435,47.8943800686908
3.44,45.1742139202055
3.445,45.0373957033554
3.45,37.561557691154
3.455,38.2341755036411
3.46,46.3847002507279
3.465,43.205619412723
3.47,41.7903535043995
3.475,45.6441705160542
3.48,44.1686637806768
3.485,44.8110939728996
3.49,45.4772279998563
3.495,44.592558733741
3.5,45.8780122314043
3.505,40.869261586907
3.51,42.3258222592156
3.515,45.0507539114086
3.52,42.6796064328207
3.525,47.5847840376077
3.53,41.4080193260979
3.535,33.3168942527951
3.54,46.0164323298192
3.545,39.5666405540016
3.55,46.43084615209
3.555,35.6817951397416
3.56,42.336782848401
3.565,39.9973929440498
3.57,43.3617078913257
3.575,44.1274619274811
3.58,40.4490954080941
3.585,42.2081653325865
3.59,41.8959282819048
3.595,43.597597394639
3.6,40.6356256310834
3.605,44.3954745789454
3.61,40.8832268126118
3.615,41.2694403351937
3.62,42.6219110680475
3.625,43.5210018880548
3.63,49.0834208002903
3.635,47.7647405884588
3.64,42.7056238911329
3.645,49.5307331954428
3.65,45.6341993677217
3.655,42.9908018949639
3.66,43.2066464516878
3.665,40.0881191993531
3.67,44.4716388740426
3.675,44.1459540194794
3.68,37.0541486837636
3.685,38.8839253686263
3.69,47.8078025558054
3.695,40.2458987902102
3.7,41.1245542441682
3.705,41.8542380778898
3.71,38.9173363008508
3.715,50.2638629545809
3.72,47.1401594322651
3.725,38.733804749668
3.73,44.9583799170972
3.735,39.5872382161752
3.74,44.4726134579639
3.745,43.8048428121942
3.75,38.0475091801956
3.755,36.0502274466162
3.76,42.8189302454116
3.765,51.3574674367006
3.77,46.9202146179544
3.775,45.421053900919
3.78,35.8430796307807
3.785,41.7867836757911
3.79,46.4722085504522
3.795,47.8635923760277
3.8,37.2222967568272
3.805,39.4652960695774
3.81,44.7622102987159
3.815,41.005896309873
3.82,45.8359067007762
3.825,48.1088793653544
3.83,40.2109458743446
3.835,43.8785165959581
3.84,33.0782522747426
3.845,37.887919877924
3.85,35.6462466808559
3.855,33.858218238628
3.86,41.3653615664805
3.865,45.2468457177636
3.87,35.5734491790289
3.875,48.481238882636
3.88,41.8486046284634
3.885,40.5772498587977
3.89,47.9688886187744
3.895,37.7603825309732
3.9,39.8781008183583
3.905,43.7163998018439
3.91,47.3274891182098
3.915,47.4255904922167
3.92,47.233974043924
3.925,45.8027574739429
3.93,47.4943137559942
3.935,49.5183400240391
3.94,37.5299373705711
3.945,47.8948346033233
3.95,37.3472703116388
3.955,44.2242619142829
3.96,46.7066800390121
3.965,29.7021546468696
3.97,46.4515000222284
3.975,44.6376824417279
3.98,45.420229373142
3.985,48.0037856669052
3.99,48.3805703806887
3.995,48.0528037424805
4,37.795704368329
4.005,37.5636624773105
4.01,37.4103604857267
4.015,40.3136997748782
4.02,43.4969046282641
4.025,43.7831937490238
4.03,35.6965129778878
4.035,43.7903986717864
4.04,44.2642957368257
4.045,45.9020806890807
4.05,42.2264532653967
4.055,43.3917943644837
4.06,39.7430662983122
4.065,45.1958328808569
4.07,50.2946594886717
4.075,37.8603197377203
4.08,37.8554336280678
4.085,41.5906289252555
4.09,47.5673532524147
4.095,35.8974717029509
4.1,39.1818880156168
4.105,39.4919255208105
4.11,36.8092256227025
4.115,45.7559489461404
4.12,28.8519941119188
4.125,38.8880740880377
4.13,41.9174543108533
4.135,45.6133151635113
4.14,35.9488822621115
4.145,47.4037036302259
4.15,43.967110271055
4.155,33.7528518981439
4.16,45.3928000093646
4.165,33.9440658319103
4.17,44.6292378588254
4.175,33.669404744698
4.18,38.2007430997283
4.185,37.8801895282658
4.19,37.498744121029
4.195,34.2846111938142
4.2,36.5493202435477
4.205,31.7125951275888
4.21,35.6597216603557
4.215,34.5596623857301
4.22,40.4627534951625
4.225,41.9857759307527
4.23,46.8422743394592
4.235,29.8879117001357
4.24,43.3073573558895
4.245,45.2724252501247
4.25,36.8172953730968
4.255,34.1666435731378
4.26,28.7234225773793
4.265,34.4479319612664
4.27,34.3323249684952
4.275,40.7018305923482
4.28,37.2790525511481
4.285,38.3008247281116
4.29,39.6016529885354
4.295,32.5518725016475
4.3,44.3829352933112
4.305,45.7336754258429
4.31,42.4375333098749
4.315,42.3481414580246
4.32,43.9316394159051
4.325,39.9889879613929
4.33,45.8911923090352
4.335,38.0858906399864
4.34,33.8875882151044
4.345,38.9248508571644
4.35,40.8272781428043
4.355,32.8066132317435
4.36,27.8517455125732
4.365,33.1216379273798
4.37,39.1576056675069
4.375,38.5717790381003
4.38,43.4194036229602
4.385,33.584959515035
4.39,35.9883743099687
4.395,40.4539747209206
4.4,30.5703839114111
4.405,29.4451894941978
4.41,24.2172946945993
4.415,41.1278697752339
4.42,37.2643682550734
4.425,39.0301203128367
4.43,38.7059860974715
4.435,34.511582167087
4.44,29.8995554486431
4.445,31.0654049944188
4.45,37.6909682733274
4.455,45.1669911505714
4.46,28.1942250743478
4.465,26.8193954773012
4.47,45.0760672319989
4.475,42.624566143471
4.48,35.5293448602549
4.485,39.4815963863322
4.49,31.4005026396919
4.495,36.6408197851947
4.5,32.3169267368197
4.505,33.0383821655721
4.51,29.4496795631962
4.515,34.261176826736
4.52,36.0599728289084
4.525,38.5510121683502
4.53,33.8092017037314
4.535,35.8423503222289
4.54,44.8915471947241
4.545,45.7710655442804
4.55,39.962765228654
4.555,27.3261531971641
4.56,42.8010992049847
4.565,41.6204621206967
4.57,23.0584243593121
4.575,34.3683650209905
4.58,34.4153970781377
4.585,31.0495151000999
4.59,25.9772207086152
4.595,41.8144839901707
4.6,35.1169924435763
4.605,30.8836022152561
4.61,28.6820388917508
4.615,34.0097207926331
4.62,24.711982794037
4.625,40.4209188496047
4.63,29.4661556258772
4.635,34.7371861530274
4.64,25.8991150317763
4.645,38.3959269492729
4.65,20.8431052082139
4.655,27.3708797509191
4.66,40.3913737713494
4.665,39.2896567439444
4.67,36.0968070790581
4.675,35.4598096684953
4.68,40.6407407513847
4.685,28.1954408959635
4.69,37.6740010772606
4.695,39.1154049565496
4.7,29.2431195340677
4.705,25.0218083275562
4.71,25.4654299611723
4.715,34.23912299447
4.72,34.3126371687007
4.725,30.8981830609533
4.73,20.1137999249139
4.735,27.1047599812878
4.74,24.1823631924834
4.745,40.114090868629
4.75,23.2894639774847
4.755,40.6124790290615
4.76,26.1195958576992
4.765,42.4911909751353
4.77,37.8136046758181
4.775,29.3634064240037
4.78,26.5718886310986
4.785,38.0680113176739
4.79,38.6481778502901
4.795,38.6149372994447
4.8,26.6208869108965
4.805,36.8200389174818
4.81,33.7074741134674
4.815,29.3608736511294
4.82,19.6553890134139
4.825,40.5734656890391
4.83,28.0663755830252
4.835,21.4340708481329
4.84,40.111332090043
4.845,21.4631438604209
4.85,28.4471932668227
4.855,38.5223568746772
4.86,35.2504055864154
4.865,20.7581479981704
4.87,33.1806924406795
4.875,43.073148577844
4.88,42.1035240003497
4.885,38.0131000286613
4.89,9.46821633778902
4.895,26.6483575311688
4.9,41.5440169675923
4.905,30.7242872524729
4.91,39.1482641825937
4.915,40.5872310292021
4.92,31.0822913055033
4.925,37.0255748932203
4.93,33.023147974983
4.935,34.8559101876733
4.94,41.0589399744079
4.945,32.9669697771282
4.95,29.4707915578901
4.955,31.1819738673985
4.96,34.6667085840295
4.965,31.2549888184592
4.97,32.6179626738266
4.975,41.3643469744537
4.98,38.9985317043987
4.985,33.6985431067893
4.99,29.4171508513563
4.995,27.5457784727989
5,27.6342643253325
5.005,34.9844070464463
5.01,36.1086771061997
5.015,30.0639754634809
5.02,31.2791637529184
5.025,46.3955439090611
5.03,29.5167025943241
5.035,26.2227134736921
5.04,32.1377247588608
5.045,41.8562106107384
5.05,37.1409295107161
5.055,27.8068166529684
5.06,34.8031203906212
5.065,34.8447854015411
5.07,38.2929353737927
5.075,28.395272049616
5.08,43.3044366978301
5.085,36.5672256413227
5.09,28.0119469728301
5.095,44.7583618172456
5.1,41.2548428805966
5.105,47.4846254352567
5.11,38.6279029107059
5.115,38.9347380132117
5.12,29.6896231420733
5.125,36.4446804436207
5.13,44.6485405792503
5.135,35.254403892371
5.14,19.6556602534805
5.145,37.5461637024663
5.15,39.3663825633336
5.155,37.8652128352182
5.16,42.8245552509757
5.165,38.1830007265277
5.17,28.8894463717072
5.175,39.1565376470476
5.18,37.6169853793248
5.185,39.4699602909965
5.19,33.5899123960827
5.195,26.9506880631705
5.2,25.9809609219786
5.205,33.225428619879
5.21,22.0022803568003
5.215,38.5934801517566
5.22,32.7167399426052
5.225,37.28905556871
5.23,34.6126080961663
5.235,34.0590547033364
5.24,43.4582168959813
5.245,40.9305299543816
5.25,28.6918749972457
5.255,32.9738080581569
5.26,42.2975852184166
5.265,36.5638915201657
5.27,34.9950596537444
5.275,37.2122431843904
5.28,30.9929945982704
5.285,44.1051792697706
5.29,43.7859687220848
5.295,36.6014568181494
5.3,38.6610901210638
5.305,35.5980528073753
5.31,38.1164480386274
5.315,43.0493442924065
5.32,36.9853304853432
5.325,35.2996237139034
5.33,42.8810067957616
5.335,38.2986891905523
5.34,28.2555170130378
5.345,40.3323583729197
5.35,18.8041938789597
5.355,38.1798942587403
5.36,39.3584187385399
5.365,27.6099530463688
5.37,43.9302682365245
5.375,44.5271610677915
5.38,35.0033176989325
5.385,32.9814341677224
5.39,31.6312542868181
5.395,29.6681525159692
5.4,31.2885376818966
5.405,23.4950134534511
5.41,30.6707963653155
5.415,43.9032774295432
5.42,36.5831331230497
5.425,31.9110412001846
5.43,33.9394886241229
5.435,24.5634229896022
5.44,29.4771478449298
5.445,39.8622825163104
5.45,33.6486501433355
5.455,40.2721417417423
5.46,36.1086229498389
5.465,29.6429994282427
5.47,34.1376437088003
5.475,30.3535895683362
5.48,36.0727280229102
5.485,38.4417203478843
5.49,16.5434454630319
5.495,37.0991630346892
5.5,35.1789065805054
5.505,35.4246465666512
5.51,29.6386322566709
5.515,35.3834171748655
5.52,35.4008601083609
5.525,32.2754842534272
5.53,36.741676985981
5.535,37.1655430648037
5.54,38.3336015732336
5.545,40.975668414439
5.55,32.0131567742494
5.555,36.7327689708039
5.56,38.5534131836149
5.565,43.7097541196444
5.57,34.8713436289538
5.575,44.7075804395073
5.58,38.1570237055305
5.585,38.6854891596997
5.59,42.5119771168661
5.595,36.147594629996
5.6,37.6000206592034
5.605,41.4880521648864
5.61,40.1338426590999
5.615,33.2413823821166
5.62,42.6200501074787
5.625,30.5507272888454
5.63,36.2786509408675
5.635,45.2959531565633
5.64,36.4703516655354
5.645,39.2366113046938
5.65,29.860873175137
5.655,39.672040737054
5.66,31.0929011404317
5.665,45.6529038389974
5.67,33.9216762657008
5.675,34.6814567699965
5.68,38.3097179980158
5.685,36.0406656121429
5.69,37.4629471772266
5.695,35.7562779664102
5.7,36.6599031893627
5.705,43.16194499391
5.71,34.2516763818141
5.715,37.4502201083452
5.72,36.201891393892
5.725,37.0504652159931
5.73,39.9320764043855
5.735,44.4978538355371
5.74,44.3094375896253
5.745,41.5183918025886
5.75,40.8704503367994
5.755,37.5505830603892
5.76,35.2970572805866
5.765,38.7111482167115
5.77,43.4597199541758
5.775,35.45865253931
5.78,44.7737295516418
5.785,34.5945529890261
5.79,34.9794211983758
5.795,39.2698859993621
5.8,32.3374672248531
5.805,36.5941324719685
5.81,31.6907011903522
5.815,32.9691071424137
5.82,37.7683473982682
5.825,34.7892874633652
5.83,29.1060349793662
5.835,36.401704565075
5.84,25.6727062540841
5.845,31.6037434029334
5.85,34.8355898758531
5.855,39.8981429441539
5.86,43.1755124793838
5.865,32.499889144886
5.87,36.24053561629
5.875,41.8571552056885
5.88,29.6672582335809
5.885,38.0890733034185
5.89,42.0715394462764
5.895,35.0065234560735
5.9,34.1086521890097
5.905,23.3049026770811
5.91,34.2189375649741
5.915,27.8784370891991
5.92,42.7138479468837
5.925,34.6844365532593
5.93,35.4162263860449
5.935,35.6181425152296
5.94,25.1037330477118
5.945,42.4029482437968
5.95,41.6086715314912
5.955,33.7335584428057
5.96,40.6303604292373
5.965,30.510455969358
5.97,29.4151546754681
5.975,39.7931275281003
5.98,35.53681486298
5.985,40.2654376150814
5.99,38.2568406217018
5.995,40.4531224002718
6,30.5961212521399
6.005,44.0265498412785
6.01,39.3617532869035
6.015,41.7054763894417
6.02,41.9961902633142
6.025,40.0192344722076
6.03,30.0719479284509
6.035,39.3671913359558
6.04,47.1239116892331
6.045,43.2668470061661
6.05,43.9509759797959
6.055,30.7857654203587
6.06,41.0454639562312
6.065,47.1004006018226
6.07,44.3497115334299
6.075,34.2338268137997
6.08,47.2116227045926
6.085,36.5912561152519
6.09,41.3402023948957
6.095,34.5948571925223
6.1,41.1914088156067
6.105,36.2540520436507
6.11,43.9188356842529
6.115,40.323126966258
6.12,42.5354382200712
6.125,35.4948912481264
6.13,39.368969392638
6.135,43.3792110669012
6.14,44.5363822553786
6.145,36.7736466534427
6.15,36.2421805118783
6.155,37.4365990782411
6.16,44.4738974333287
6.165,44.4868057073646
6.17,36.409634446031
6.175,44.3564151127308
6.18,47.0888475556753
6.185,30.4698970849609
6.19,29.1455755276294
6.195,32.8820666496266
6.2,44.2880230047466
6.205,34.9450256686143
6.21,38.823766452027
6.215,34.1690276363331
6.22,38.7627614091241
6.225,37.2937184738175
6.23,34.8294885959413
6.235,24.1410504679201
6.24,37.2386727999765
6.245,42.5464351461106
6.25,38.3470198049358
6.255,36.7658495431393
6.26,39.1743472363765
6.265,46.1995151684496
6.27,41.0669710557548
6.275,37.2977569368774
6.28,42.5452646778057
6.285,39.6479196833878
6.29,41.4128096016616
6.295,33.1354266576418
6.3,43.5882756395645
6.305,42.8606310852735
6.31,39.033212064748
6.315,34.6542423162346
6.32,40.2754215564998
6.325,41.5749624116122
6.33,37.3963968910615
6.335,34.7941610859714
6.34,46.8309874252637
6.345,42.4559278931562
6.35,41.7162025096627
6.355,42.1608014876584
6.36,33.9406993256801
6.365,32.2696663803485
6.37,30.0251092375143
6.375,30.2359215078104
6.38,38.7509802166068
6.385,39.1576608091196
6.39,33.9795442631698
6.395,37.2024496694061
6.4,36.9269426996278
6.405,37.4883056122595
6.41,33.9831120016845
6.415,42.9956902356945
6.42,38.1985461033674
6.425,30.5325439544276
6.43,26.8842177628802
6.435,30.2311912624112
6.44,36.9560462600318
6.445,36.0725582762078
6.45,37.4267451059916
6.455,32.1150967181073
6.46,38.2020514210206
6.465,35.5049923280053
6.47,38.0472878425284
6.475,31.8544678927442
6.48,33.3977842173843
6.485,28.745618980133
6.49,32.9266429838463
6.495,34.6099070553962
6.5,38.6342235236251
6.505,41.6573811657385
6.51,39.9679525447139
6.515,27.8845883464185
6.52,39.6174756362775
6.525,35.4587183822888
6.53,34.0409650615757
6.535,37.3513885496501
6.54,36.9815401667773
6.545,38.1795955678587
6.55,33.0497660444552
6.555,44.3004827737909
6.56,35.3334876727624
6.565,38.8812325668126
6.57,40.9172964914546
6.575,36.3605010586004
6.58,40.7341175404762
6.585,34.3526747944299
6.59,37.3306474271302
6.595,42.3900121457127
6.6,36.7991041150916
6.605,43.7748515544515
6.61,43.379222400396
6.615,38.2629047008377
6.62,44.1952007712061
6.625,32.252127690624
6.63,45.7950094093202
6.635,42.1265280659873
6.64,35.3312476440743
6.645,33.7596407420146
6.65,33.2970092352362
6.655,29.5201628252322
6.66,31.420658678211
6.665,34.1150863380246
6.67,36.8823176213698
6.675,32.2727984011225
6.68,34.7448437416324
6.685,36.5939216173926
6.69,40.3828787652074
6.695,32.4774501853074
6.7,30.8929144146163
6.705,27.3925762032312
6.71,33.4284745474361
6.715,37.5359693990608
6.72,37.1683831227537
6.725,22.3515954252305
6.73,39.7528993895235
6.735,33.2135807677424
6.74,30.8212785036244
6.745,26.306047582748
6.75,26.5061476857903
6.755,35.1950568989531
6.76,27.4496047297961
6.765,33.227128910144
6.77,30.3847839646891
6.775,24.4739731132832
6.78,27.8402577279337
6.785,26.8311266194712
6.79,31.4331955181427
6.795,27.2823190369807
6.8,26.2157231246674
6.805,30.2003889747714
6.81,37.9311637447493
6.815,23.4234382658609
6.82,29.7301073890285
6.825,33.743040617253
6.83,41.8953707952164
6.835,25.1997486753234
6.84,33.2996094115857
6.845,46.2509367607445
6.85,31.4016472993831
6.855,21.3062413049733
6.86,30.2005400690587
6.865,23.8416009937643
6.87,30.7083896666292
6.875,23.1562033029203
6.88,22.3350562548463
6.885,24.6560563389816
6.89,19.8386010664526
6.895,35.7838548464633
6.9,21.0999932417072
6.905,22.2506540692854
6.91,31.4340242970617
6.915,20.2850880430234
6.92,21.7307631718749
6.925,34.8809926646429
6.93,27.0246707621315
6.935,31.9281823041668
6.94,29.3098673640019
6.945,19.9850611887432
6.95,28.2302605643197
6.955,18.4106329159027
6.96,26.6160716966253
6.965,33.1924563625889
6.97,22.1425594954894
6.975,32.2953472877731
6.98,38.9156987480802
6.985,29.8149381806045
6.99,31.3157973978168
6.995,28.9597320919346
7,27.8588376657948
7.005,21.6001454236161
7.01,23.8467271849449
7.015,39.7436460968301
7.02,17.2732119712993
7.025,31.1237620717483
7.03,25.100753573797
7.035,24.7330768723352
7.04,20.4861308861063
7.045,28.6751786718851
7.05,24.2455964637045
7.055,17.8566828823858
7.06,20.9595255956252
7.065,19.3636090147543
7.07,24.5888184156166
7.075,24.8671490605789
7.08,19.8381467260158
7.085,34.181132411233
7.09,30.9495594800451
7.095,33.2244688606733
7.1,28.8315957453898
7.105,27.7610650019933
7.11,39.2751709191876
7.115,23.8664419651296
7.12,32.8383271301528
7.125,21.4390936563422
7.13,25.7094536303376
7.135,26.5604043504098
7.14,24.920297126504
7.145,21.2585163226805
7.15,15.1048896045719
7.155,19.4332366429573
7.16,20.2911199549557
7.165,25.0577276548262
7.17,24.7589315942935
7.175,29.0367981641477
7.18,22.0879855326863
7.185,24.2095896903572
7.19,37.4775967884729
7.195,21.8521222018272
7.2,30.3281171691171
7.205,29.479621278106
7.21,25.2812424720675
7.215,28.2271299564179
7.22,33.4582392455931
7.225,41.9597226965811
7.23,37.5085353285283
7.235,33.1825419896444
7.24,30.825531745482
7.245,28.3319566836416
7.25,31.5609479177542
7.255,20.733664796907
7.26,24.5754346258893
7.265,23.4324214604166
7.27,23.3536689809546
7.275,23.1978344267855
7.28,25.9418857309382
7.285,22.2126343727683
7.29,17.2461209216185
7.295,30.7115305522078
7.3,31.5913507656382
7.305,28.5999103187088
7.31,33.2474126564747
7.315,31.3660214420993
7.32,17.8798647415729
7.325,28.9558816174209
7.33,26.4848086856696
7.335,20.4382817978945
7.34,31.8598914184587
7.345,27.4680760903982
7.35,22.4203579047294
7.355,24.0706506625573
7.36,19.9293449600005
7.365,26.2525687973755
7.37,28.5807560164734
7.375,23.0941458460087
7.38,20.32559880609
7.385,24.5670182181383
7.39,21.3796138581968
7.395,35.5073387639959
7.4,20.3057808973121
7.405,36.8228979598744
7.41,24.3475436984053
7.415,27.4396180541653
7.42,30.7368026023365
7.425,22.1656577762858
7.43,27.7305181385631
7.435,28.6221683954366
7.44,29.9567264543514
7.445,29.5987896074443
7.45,15.6719369557776
7.455,36.9068931642311
7.46,24.2998659657547
7.465,31.1570888534514
7.47,30.7444147955772
7.475,30.763896132428
7.48,17.0523827680719
7.485,26.1085870120412
7.49,29.6851090703447
7.495,19.5818973960355
7.5,24.8952289391959
7.505,22.3645827652242
7.51,20.6531033941685
7.515,28.0289294783109
7.52,21.5716846652611
7.525,33.2606257993925
7.53,21.7326223203542
7.535,20.3075809614291
7.54,16.0535882605426
7.545,25.6243717743456
7.55,16.0997491879248
7.555,35.9859343764291
7.56,30.5231792308948
7.565,37.3912664354286
7.57,21.8923783495203
7.575,22.2731368486873
7.58,15.4740201280556
7.585,21.273034806426
7.59,16.7909947324713
7.595,42.7028982099106
7.6,19.2688027678135
7.605,16.98383687892
7.61,27.1773053181951
7.615,19.081650917201
7.62,24.0275763764127
7.625,24.1619238891908
7.63,17.2574547980226
7.635,24.5622152912186
7.64,28.536292490056
7.645,17.1431013413571
7.65,23.4627569631901
7.655,17.2028557825595
7.66,28.8213600792796
7.665,27.1968349410641
7.67,20.3488592506683
7.675,21.1563123064702
7.68,19.9876164214402
7.685,29.8950554463104
7.69,23.6261483930254
7.695,37.8310074566941
7.7,40.4608762331755
7.705,21.8660300717167
7.71,29.9023393898996
7.715,22.804669724701
7.72,21.5128482321603
7.725,31.5453134673412
7.73,26.8726821528179
7.735,20.4648966673124
7.74,19.6910787083925
7.745,24.6995920355683
7.75,30.8283918182805
7.755,16.507922571792
7.76,23.114087959306
7.765,26.9992655866087
7.77,25.7638848185972
7.775,21.2773639488756
7.78,19.5752271111291
7.785,29.1019883470689
7.79,24.4748258451438
7.795,19.6355505557006
7.8,21.7377750071215
7.805,32.5584603075509
7.81,47.1321314427715
7.815,27.1524290508773
7.82,25.0604069872891
7.825,26.4380953075563
7.83,23.6755500423649
7.835,17.9835187540781
7.84,24.1948380371105
7.845,32.4991019623119
7.85,24.1062839559317
7.855,25.2368240322182
7.86,26.9694660896524
7.865,31.4647826996759
7.87,21.4689058868423
7.875,23.6146679562557
7.88,31.4532783681126
7.885,24.9114681211798
7.89,30.7586781979362
7.895,35.8088331744054
7.9,19.2743704265689
7.905,22.7728841648053
7.91,26.3144711614272
7.915,16.9280769553926
7.92,18.5798250241433
7.925,21.5488672552357
7.93,24.4185811154595
7.935,20.6148227368405
7.94,18.0711988706814
7.945,9.74276730024486
7.95,33.0573356233646
7.955,18.9813789546212
7.96,32.7861794902664
7.965,31.1697993897319
7.97,24.8290389346057
7.975,38.7624440196639
7.98,27.594027045967
7.985,26.0308076674099
7.99,17.7796027079687
7.995,30.9661330398115
8,15.1677289351515
8.005,19.5637139772278
8.01,17.5847165662812
8.015,15.5008248442613
8.02,20.7088009614915
8.025,20.6564323340731
8.03,13.0359146090639
8.035,17.6035816759104
8.04,16.2438983034843
8.045,24.0990384082159
8.05,19.8244011020071
8.055,12.16027044511
8.06,16.4919048792617
8.065,26.4174973752592
8.07,18.856381439709
8.075,39.107573509587
8.08,31.0271542336172
8.085,24.6614393719198
8.09,41.1445556303537
8.095,15.4292708596813
8.1,19.7842958554406
8.105,13.244599354149
8.11,15.0929141324868
8.115,19.0914789496606
8.12,16.3998178517167
8.125,24.2995909980673
8.13,19.8691910470165
8.135,19.5069039417948
8.14,40.0686843637504
8.145,11.7206145839484
8.15,17.1519627433227
8.155,34.0921275843241
8.16,21.6363312533151
8.165,21.6360925038969
8.17,37.0302561997854
8.175,22.2917964767247
8.18,23.4043579600567
8.185,26.9828814383483
8.19,30.9777931533778
8.195,35.0622490018244
8.2,13.761266519796
8.205,19.5073643751581
8.21,26.1550825428698
8.215,19.4115414975403
8.22,22.1588758795107
8.225,34.9211982765719
8.23,18.2573235961968
8.235,11.8548938932945
8.24,11.3763938963811
8.245,23.0192064937041
8.25,19.7530587560214
8.255,29.0568487810686
8.26,19.1496710848973
8.265,17.4659723804598
8.27,23.7380212953398
8.275,13.5117964730388
8.28,16.4353387717522
8.285,38.8813465660158
8.29,20.7728319912942
8.295,21.4137518695669
8.3,28.7900706913488
8.305,16.5822285024109
8.31,23.05833375867
8.315,14.1326575191143
8.32,32.5830713234334
8.325,12.5401112122204
8.33,22.7261424202569
8.335,14.3607508495841
8.34,20.7564882342278
8.345,17.7953003885194
8.35,20.5547646261941
8.355,12.5220475888798
8.36,27.6179502559206
8.365,23.9418245105684
8.37,25.2360238439115
8.375,24.5379322324634
8.38,36.9139633944421
8.385,34.5532658157662
8.39,38.420180198273
8.395,25.0706551355768
8.4,36.5025416526449
8.405,30.1588684348629
8.41,27.7096181862587
8.415,14.6978907124437
8.42,21.0125975025395
8.425,19.2979842386221
8.43,23.4417459416623
8.435,18.0835967116836
8.44,19.7163701285667
8.445,15.4062122369038
8.45,22.988770461163
8.455,20.8792196381355
8.46,36.8428606809395
8.465,21.4341933187974
8.47,15.8001343982526
8.475,35.5024988601494
8.48,29.7388938358109
8.485,27.1315771712178
8.49,25.7731994986211
8.495,22.1977421041584
8.5,18.5188948878685
8.505,18.7769679863369
8.51,38.9997439787149
8.515,21.5257908691505
8.52,18.5412463517425
8.525,22.8690729665038
8.53,15.5325264631454
8.535,19.5291061544203
8.54,13.2256030728446
8.545,16.7375732854301
8.55,16.478527315348
8.555,14.9454866739292
8.56,15.5732046842127
8.565,23.3329397501562
8.57,17.5797679909604
8.575,19.0969019508738
8.58,22.0069924773422
8.585,34.3135438784073
8.59,15.284730143477
8.595,31.0015265323984
8.6,20.587855900832
8.605,7.02923857571385
8.61,7.69045438349476
8.615,19.1632914734164
8.62,15.3972813227684
8.625,26.8841728865332
8.63,20.8462604490228
8.635,16.0803582312246
8.64,18.9082795431935
8.645,13.7061138842703
8.65,15.203744364684
8.655,20.171512127212
8.66,16.9428041484535
8.665,23.805927444412
8.67,28.27389447931
8.675,30.6729940165543
8.68,34.6818382363572
8.685,27.4752438374395
8.69,23.3616453998735
8.695,15.6505171021959
8.7,21.9204132874203
8.705,16.9591372268383
8.71,20.5376360253054
8.715,31.5967424311038
8.72,18.6272660253026
8.725,11.931098523728
8.73,13.895288505804
8.735,21.4830552011747
8.74,21.4724226895724
8.745,22.621575778649
8.75,23.4814835777784
8.755,23.0412489653065
8.76,18.2734502167594
8.765,21.9834963415173
8.77,32.1447739291353
8.775,30.3192710894705
8.78,30.6785158361757
8.785,36.1788377062952
8.79,29.5039738695303
8.795,21.8168466349169
8.8,18.1090374860086
8.805,17.9752461519604
8.81,20.0683056182235
8.815,15.2836223928432
8.82,16.4057323845385
8.825,22.0075283602687
8.83,20.0236749084582
8.835,21.6910909773698
8.84,29.4287794580616
8.845,29.4604200105896
8.85,25.4662503037048
8.855,40.8159220714407
8.86,37.4495129076034
8.865,30.6436477105462
8.87,31.7542064875101
8.875,33.3585822787281
8.88,27.6774891798139
8.885,19.0847950052775
8.89,34.9870410123112
8.895,17.3280467401412
8.9,28.8636008716543
8.905,19.5140972388404
8.91,13.65998095023
8.915,18.532659189215
8.92,22.3170365572272
8.925,25.3459125903425
8.93,18.1165900917219
8.935,20.2541970920759
8.94,17.994002624408
8.945,22.2588718070228
8.95,19.1020701467674
8.955,23.5268345751461
8.96,29.1456100492644
8.965,21.1133170897374
8.97,19.3415988420298
8.975,23.0022908294091
8.98,20.5097108472508
8.985,17.5894241205629
8.99,20.2811110903775
8.995,15.850516973643
9,15.3099185659405
9.005,18.1599799166933
9.01,19.0722274114623
9.015,19.0616506563485
9.02,27.7746940019866
9.025,20.995708979907
9.03,19.2494913086852
9.035,42.666321723285
9.04,29.367744013476
9.045,34.7572219509994
9.05,35.0408221511182
9.055,31.5671959840438
9.06,20.0657278983136
9.065,27.7028672126021
9.07,20.0915986468541
9.075,19.501486924501
9.08,17.0976635649314
9.085,13.1808952167475
9.09,37.803295282035
9.095,24.1349752905216
9.1,21.4661073459259
9.105,17.5338789918791
9.11,28.5027889621334
9.115,19.2719364601456
9.12,27.3110285507233
9.125,29.5466130832224
9.13,21.0663141087566
9.135,28.9790917795691
9.14,34.3218329650413
9.145,30.333550900352
9.15,26.7384657689352
9.155,26.5298563287818
9.16,27.1331259900763
9.165,22.75569945381
9.17,19.9814881438649
9.175,24.4104846017029
9.18,25.9359357326655
9.185,27.7845821638549
9.19,31.3436937242564
9.195,27.1627821477347
9.2,27.2870083775765
9.205,21.1090412269677
9.21,26.1424559435842
9.215,34.5954825532974
9.22,24.8303460768749
9.225,26.0165868629387
9.23,33.7292131244455
9.235,26.4359120994426
9.24,22.5638929136086
9.245,16.9654337868294
9.25,17.5356146559227
9.255,26.5496271116689
9.26,24.5187684484617
9.265,27.2517512162669
9.27,24.3906064437455
9.275,16.3500126864139
9.28,30.6300420382554
9.285,18.3452183732891
9.29,30.3293575504418
9.295,30.1313423884998
9.3,20.1001949386085
9.305,30.9861686413893
9.31,17.8723813928026
9.315,26.1268099542219
9.32,41.2429581204379
9.325,19.5388336504673
9.33,24.4830343701048
9.335,17.6432851051402
9.34,33.6286256609262
9.345,24.4761900927538
9.35,28.4742969479269
9.355,32.0452473747161
9.36,15.2439889017571
9.365,30.7283160188401
9.37,35.9849458793984
9.375,37.772497364671
9.38,27.5845945360728
9.385,24.0781343176727
9.39,27.7392322557323
9.395,32.836649272158
9.4,22.5221823049097
9.405,27.6939195659846
9.41,21.6403282366841
9.415,14.6232212075593
9.42,27.5618790907792
9.425,31.9119083475185
9.43,28.6288403467394
9.435,23.0971821961571
9.44,26.9048871918403
9.445,29.3429163274081
9.45,33.0464559014819
9.455,40.4118201453411
9.46,39.7198470999305
9.465,29.0326221449461
9.47,43.7038371278472
9.475,26.5205550263982
9.48,26.9665930803447
9.485,24.869847139315
9.49,28.2983563617549
9.495,22.5866606926528
9.5,23.1616441154609
9.505,26.9801336229098
9.51,24.2496689745634
9.515,17.9717905131666
9.52,31.2590604102012
9.525,25.0354749865522
9.53,31.5989896795087
9.535,25.9166831127681
9.54,28.7142941285389
9.545,26.8829055674451
9.55,27.8924528576306
9.555,30.379470018268
9.56,36.6979165660518
9.565,25.0493290768376
9.57,29.6427442925187
9.575,24.7591826606561
9.58,31.9856152282378
9.585,24.462875992549
9.59,27.3732943080576
9.595,23.8012691240294
9.6,25.2884613690708
9.605,28.7902189804413
9.61,3.76908557978936
9.615,5.89998473472463
9.62,10.9264987740699
9.625,5.24347285431178
9.63,8.61479625116171
9.635,1.33645891757249
9.64,10.1071101334982
9.645,8.43695669551468
9.65,11.1336313112213
9.655,-3.53463953643568
9.66,5.56844793791367
9.665,-0.821494739521576
9.67,1.49375633207677
9.675,-0.45886091623759
9.68,8.75957662225193
9.685,14.5789262534726
9.69,17.0390221261774
9.695,15.6440225526977
9.7,11.2744370624694
9.705,18.2453402378811
9.71,2.28696141578012
9.715,12.7831004694883
9.72,-4.72532806235017
9.725,-0.50327956901782
9.73,7.86944277533405
9.735,0.707255004047774
9.74,7.93710197355104
9.745,0.213040634393508
9.75,12.0034308273831
9.755,13.3668651208232
9.76,10.5723573792369
9.765,-1.15546422723781
9.77,11.0680628458587
9.775,12.1764111611939
9.78,9.86194194856305
9.785,13.4745662965486
9.79,2.97488623127721
9.795,-2.93833601958951
9.8,16.0469716215855
9.805,-1.57165803719477
9.81,22.5092650480134
9.815,-3.92850476166011
9.82,27.7490002277634
9.825,8.70666945063816
9.83,15.9190866477101
9.835,10.8861384734014
9.84,17.1239214381947
9.845,8.23195350425406
9.85,0.208438373445624
9.855,-1.58042862966688
9.86,2.10584260307495
9.865,12.0531946705695
9.87,-3.18590274272415
9.875,8.65887163091878
9.88,3.64386036725993
9.885,12.7496824509615
9.89,-6.9167275471711
9.895,10.1824469531732
9.9,-7.98628762522449
9.905,3.23524243301244
9.91,14.1135839582376
9.915,11.5700461357118
9.92,24.9918424910625
9.925,10.3071108371155
9.93,10.1454105831756
9.935,13.2873704636697
9.94,2.57781860948654
9.945,-1.43358330195993
9.95,7.12944951778594
9.955,1.70686775759827
9.96,6.07653768573964
9.965,-0.763487430215626
9.97,12.1946452902395
9.975,6.06133006813743
9.98,1.55787852937675
9.985,-1.01646902522312
9.99,4.54466497158873
9.995,25.744546151518
10,31.4043994650278
10.005,14.513936014545
10.01,24.9616429440177
10.015,8.0222489954076
10.02,-1.17284842063717
10.025,15.5231222123283
10.03,4.95159078088378
10.035,-1.5578191578697
10.04,6.51855986194069
10.045,1.53761379593142
10.05,8.17167797679127
10.055,10.2766433483978
10.06,5.23861508714667
10.065,6.94529329182058
10.07,33.4138975208589
10.075,12.846976528542
10.08,15.5262076443896
10.085,18.2006352304359
10.09,9.92868546281446
10.095,6.1450730570769
10.1,11.6606366466606
10.105,26.4849673902151
10.11,6.87019703987429
10.115,3.59583820668692
10.12,14.0366443336422
10.125,11.4054781508545
10.13,4.53985197055403
10.135,-0.359207368734459
10.14,0.141929679318267
10.145,12.4338964267579
10.15,5.96981823622463
10.155,15.7422188387921
10.16,4.26673374634683
10.165,1.07887229947969
10.17,-1.64272002310101
10.175,8.62186176030963
10.18,-3.43317551100623
10.185,14.4063764874335
10.19,-1.74935869912579
10.195,-0.58629570213148
10.2,0.850226253411918
10.205,6.24715213338101
10.21,13.2002945959507
10.215,10.2681462379322
10.22,4.33412355485667
10.225,1.76709487440159
10.23,10.7878055996077
10.235,-4.50390876555075
10.24,20.1903868844988
10.245,0.224510846887085
10.25,1.94213793897077
10.255,0.795176159459224
10.26,-5.01545731666853
10.265,4.7789971536621
10.27,1.24413475969226
10.275,-3.45045085413531
10.28,1.48183483658759
10.285,0.0542986418373346
10.29,5.71596276141775
10.295,1.41936722912853
10.3,2.16596150817215
10.305,13.3857994342004
10.31,12.640542049939
10.315,-0.411528689979299
10.32,13.4378635693034
10.325,13.4635720728765
10.33,0.957608364824097
10.335,15.9973726319697
10.34,5.17531054759451
10.345,1.36920236161208
10.35,-1.21043025378108
10.355,20.6302300589011
10.36,11.9577196263804
10.365,-0.108458474955917
10.37,1.40809643028342
10.375,18.2082135369162
10.38,16.2685842618084
10.385,0.240255497269153
10.39,3.6636825714572
10.395,10.333114962002
10.4,2.21903022559423
10.405,-3.71226904333578
10.41,-5.65910789681762
10.415,9.25214102031437
10.42,18.807859764355
10.425,18.3246739596948
10.43,5.25269624691077
10.435,18.648463943894
10.44,-3.225929336088
10.445,7.99923621301811
10.45,0.158314874854916
10.455,6.71502536288091
10.46,-0.362490533573123
10.465,-2.92949389936143
10.47,-2.30530144799405
10.475,22.656103442128
10.48,23.4126768097934
10.485,-2.56782369391922
10.49,14.2005572174967
10.495,6.59034453405799
10.5,-0.0353583048445003
10.505,1.95643923106665
10.51,-6.77807649704509
10.515,12.1547731713573
10.52,-4.57779732656387
10.525,-5.72346887442576
10.53,8.63852659874441
10.535,25.8904893790992
10.54,-1.50081560734153
10.545,-2.81939704070557
10.55,1.9193480595157
10.555,2.50346221064466
10.56,-0.786393647016368
10.565,5.85471004355026
10.57,13.8065713700435
10.575,2.4400893115023
10.58,-2.01954744078223
10.585,27.2202800406626
10.59,1.00638992711985
10.595,24.5756586206192
10.6,4.95813700300767
10.605,-0.62079000033436
10.61,-0.866889263575779
10.615,21.611938829123
10.62,2.83687146579911
10.625,5.5717724980268
10.63,3.15626683589982
10.635,8.50210365202864
10.64,12.2681736777357
10.645,-5.10541920075033
10.65,2.40018885432842
10.655,7.72615098630239
10.66,-3.13232380514881
10.665,-3.57903431881985
10.67,-0.96406186762664
10.675,32.9754599535329
10.68,-3.85570749739594
10.685,2.5942212488989
10.69,1.07430744729668
10.695,-0.668572006713504
10.7,11.5901877526857
10.705,5.43000567114638
10.71,18.0389734851816
10.715,20.9998984268363
10.72,0.470630243827074
10.725,17.4968559705071
10.73,15.2715694739022
10.735,15.0945475265608
10.74,10.6155186207013
10.745,13.4772777277531
10.75,2.48134127398531
10.755,7.75592508214228
10.76,11.8785381168536
10.765,9.24387377939379
10.77,-5.83268169295624
10.775,-7.20595085595815
10.78,20.1536051543182
10.785,-7.18171370268528
10.79,1.06173880780217
10.795,-1.81973778866793
10.8,6.50004374738609
10.805,18.9353665853862
10.81,25.0846287675204
10.815,0.170244990107712
10.82,-0.92651207778583
10.825,7.56625522459363
10.83,-2.93634552408411
10.835,21.9670540308217
10.84,14.7439152981787
10.845,-2.995187384199
10.85,22.7875265769872
10.855,5.45906217527455
10.86,12.1272855944935
10.865,1.34833411356586
10.87,0.95534603426259
10.875,0.073733878271554
10.88,3.43916835276802
10.885,0.0372100381026002
10.89,4.46451304877663
10.895,-0.131428529166016
10.9,-3.97460848368053
10.905,20.6206663408598
10.91,6.97806299514031
10.915,-0.699132058855433
10.92,24.6904107025284
10.925,0.411458758939283
10.93,8.65003194890181
10.935,7.71712703146704
10.94,6.07877981803671
10.945,-2.56127980523414
10.95,7.86098226958725
10.955,21.3520172064572
10.96,1.61416765076675
10.965,20.4482492584859
10.97,-2.7567947689549
10.975,0.170617015082335
10.98,23.2491210084175
10.985,16.5160057845798
10.99,13.6262130195687
10.995,17.7691717832291
11,8.55396909583845
11.005,7.41983937791365
11.01,16.6780254554478
11.015,-5.61663856804721
11.02,1.65604224365894
11.025,5.90185878621197
11.03,5.69100616430854
11.035,23.4181037472159
11.04,-1.59697308314654
11.045,16.120427486233
11.05,30.0463282903233
11.055,15.0258297390657
11.06,-2.70497894332834
11.065,4.73746142813615
11.07,-4.33946082717728
11.075,0.05252463740743
11.08,11.1592205598558
11.085,-5.59122704128705
11.09,-6.8688222025871
11.095,8.39870314418737
11.1,7.18856086775448
11.105,-2.50556585282374
11.11,-4.24168033339071
11.115,-1.18321022701497
11.12,-2.90840748984515
11.125,-0.258947787454019
11.13,8.47613333111981
11.135,-4.08898743424901
11.14,-5.77168899127992
11.145,24.2473891789315
11.15,-4.0995910651778
11.155,1.54281645287347
11.16,-3.5054729559997
11.165,19.0699516013332
11.17,14.669209142573
11.175,2.59234276163576
11.18,13.1946108087248
11.185,18.3857396472725
11.19,-1.87703152825701
11.195,2.06244098245106
11.2,10.3102334008536
11.205,-0.0764107961936915
11.21,3.31995942767898
11.215,0.123432065228897
11.22,2.04273352856761
11.225,5.21070615446983
11.23,4.50718556170398
11.235,6.6390029589671
11.24,4.89883317637968
11.245,10.1280423089374
11.25,-2.82523980710802
11.255,33.211617690302
11.26,12.6535210019044
11.265,20.9837039345141
11.27,-0.915048538791197
11.275,8.19458960256338
11.28,7.41735426671764
11.285,17.2453864068917
11.29,-0.635757717287831
11.295,3.66762995884244
11.3,11.4439618355312
11.305,-0.343144253491928
11.31,-6.12093225975232
11.315,3.47257019909836
11.32,-5.88406551804476
11.325,-4.1398594988829
11.33,0.01184730890742
11.335,-3.35552182615535
11.34,-8.16649818349644
11.345,2.63747844402202
11.35,-5.97828288890864
11.355,-3.12961839450145
11.36,-9.81189819311171
11.365,-4.76836145310106
11.37,-11.3761265922378
11.375,-14.7621661161328
11.38,-14.7788409832845
11.385,-10.1426864714654
11.39,-11.0146860326303
11.395,-7.381340342459
11.4,5.29952758443969
11.405,29.1664619993456
11.41,-4.27600369260393
11.415,7.47779067067836
11.42,3.10986996667656
11.425,-9.90676447736166
11.43,-2.8301725130168
11.435,-11.6095355888925
11.44,-9.38808506017142
11.445,-7.75695140715889
11.45,-0.642077369830218
11.455,6.48442733524659
11.46,3.6435693307906
11.465,-12.513590911897
11.47,-2.66013138853
11.475,3.14679649298161
11.48,-2.44117711357195
11.485,-5.99062970427828
11.49,-14.9458747753484
11.495,7.2817548438105
11.5,-0.17062276534655
11.505,-17.5959171934832
11.51,8.34023073618912
11.515,10.6901291218296
11.52,-5.86653135547086
11.525,-0.649894547058238
11.53,-6.03986362308816
11.535,-0.596674115582815
11.54,-11.4760039377696
11.545,-7.9951501218487
11.55,3.35179569906124
11.555,17.8534477364896
11.56,-0.362176246140933
11.565,11.2352128343403
11.57,13.2610799035495
11.575,-1.02968955366827
11.58,-1.68345701710646
11.585,-11.3421382761263
11.59,-6.79291627359753
11.595,-14.3882323941902
11.6,-4.73709829220323
11.605,-8.14185880950689
11.61,-8.05474211974695
11.615,5.56202169489423
11.62,-1.54576455510853
11.625,-10.347284600471
11.63,-8.23858188189975
11.635,-8.35964366106305
11.64,-2.13573326654382
11.645,9.76057225430107
11.65,-8.21417852916976
11.655,-1.42287876286559
11.66,-7.23844146074224
11.665,3.80542758948254
11.67,3.16942715869636
11.675,-1.12290355044971
11.68,-14.355382852877
11.685,-16.8101764456123
11.69,-7.38484682420452
11.695,-10.4036661796625
11.7,-13.8586581223376
11.705,-5.16376011979337
11.71,-8.07483746468618
11.715,-7.12986212010633
11.72,-13.3003034664648
11.725,-11.6008697141075
11.73,-12.3231104582676
11.735,-13.4977752293124
11.74,-8.86944051123035
11.745,-11.4319751829672
11.75,-9.95157441492149
11.755,3.02792446563485
11.76,-3.20283773712097
11.765,-7.63458505748471
11.77,-7.37832381159043
11.775,-5.5516742986819
11.78,-11.3467912062341
11.785,-5.51241986725205
11.79,-0.475616310235878
11.795,-9.9959656298433
11.8,-14.9318011560972
11.805,-20.1288469505766
11.81,-7.97010052205927
11.815,-4.9468482363527
11.82,-3.44409052811266
11.825,-1.48553878334921
11.83,-11.6408129108955
11.835,10.8305047182859
11.84,-9.59835049397078
11.845,-15.5204134039507
11.85,-4.60949164576654
11.855,-14.3795748355388
11.86,14.4319244391757
11.865,-6.92925203940693
11.87,-7.5011453482865
11.875,-3.5395572886104
11.88,3.99458904609763
11.885,5.54496339185187
11.89,2.19893265800933
11.895,-0.208606888675874
11.9,-10.2082018263855
11.905,-5.93544297945131
11.91,-7.75403378103829
11.915,-12.0728281147782
11.92,4.20041904830639
11.925,-12.8247345562145
11.93,-7.29231600872851
11.935,-16.6439330145931
11.94,-10.1347275632281
11.945,-3.55105689642504
11.95,-14.1057758473516
11.955,-2.68719772128334
11.96,-3.56735517583035
11.965,-2.97697881228721
11.97,9.91191960911077
11.975,-7.05773230888481
11.98,0.605519625477854
11.985,5.25573629241403
11.99,-9.66173913889762
11.995,-9.65483332906786
12,-4.53736535675193
12.005,15.4278278648191
12.01,12.6103102949832
12.015,5.28282234965437
12.02,-9.40107777647228
12.025,-12.3082004196318
12.03,-10.2112023260391
12.035,-7.84135317560637
12.04,-12.4870392474013
12.045,-11.9976460081119
12.05,4.96798921978172
12.055,-1.21401258333284
12.06,1.05741344400477
12.065,-4.67363535022986
12.07,-0.875337690649843
12.075,-14.8882409134117
12.08,-0.760535942838295
12.085,-11.1322156071169
12.09,-8.57123261532229
12.095,-14.7815077805607
12.1,17.439739904436
12.105,-13.4218468868719
12.11,-5.94268631731286
12.115,-13.3086384265673
12.12,-17.2864245054788
12.125,-15.5445346436083
12.13,8.63673824942518
12.135,-11.9576527409372
12.14,0.55254218626208
12.145,7.72188392380906
12.15,-10.0120095065731
12.155,-16.4439438204972
12.16,-7.73616833807344
12.165,-12.4835333343944
12.17,-14.4688034057883
12.175,-9.54556222581725
12.18,-5.96609731256081
12.185,3.74758785797385
12.19,2.95169232569842
12.195,-3.4058047774076
12.2,-6.84960026211828
12.205,-5.90219854789922
12.21,-5.01620442706808
12.215,-12.2376179373365
12.22,-12.4089318766147
12.225,-6.90413828087787
12.23,-13.2413335323472
12.235,-8.26388291678143
12.24,-9.82900616245026
12.245,-5.26701443794217
12.25,1.32539751491191
12.255,-5.24625531993594
12.26,-7.95996064751714
12.265,-17.5161952675568
12.27,-7.30526469700833
12.275,-13.3872798034663
12.28,-7.3197638352117
12.285,-1.66860119528286
12.29,-9.4944132724462
12.295,-1.61211828804448
12.3,-2.17383515071572
12.305,-1.32389101772502
12.31,-7.26720857458724
12.315,-1.22351830361777
12.32,-12.0126213772602
12.325,-10.2050811437474
12.33,4.91912151555676
12.335,1.1511591883741
12.34,-9.65524123067312
12.345,-2.41814323698567
12.35,8.47745264991789
12.355,4.98088851999864
12.36,19.3775005515873
12.365,1.50858944450403
12.37,-10.4226426886993
12.375,-3.4200811945087
12.38,-1.34943125341607
12.385,11.9565011053327
12.39,4.25277012883072
12.395,-11.2004028522678
12.4,-15.7153787053894
12.405,-2.7186047026
12.41,-16.8141871119229
12.415,-4.11484324210361
12.42,-7.51680176487486
12.425,28.5934600258461
12.43,-9.19373418114613
12.435,-3.64590967550482
12.44,-1.35247203052167
12.445,2.18037371184127
12.45,0.396162177735562
12.455,-16.6716143076393
12.46,-10.5283091433149
12.465,-6.93824002097328
12.47,0.582529451497038
12.475,-4.79858944091968
12.48,-14.3033982451715
12.485,4.32546741516528
12.49,-16.6020102356426
12.495,3.65001773006605
12.5,13.9835325345298
12.505,-9.81022655338737
12.51,-2.24328437765381
12.515,-4.6818654707307
12.52,1.54250274356064
12.525,-3.65251165913927
12.53,-12.7357369410819
12.535,11.0087721051089
12.54,-11.9492618549397
12.545,-14.8689330994441
12.55,-14.5154870690026
12.555,-10.852536107324
12.56,-11.9601543954205
12.565,5.41721038282392
12.57,-17.0868954687662
12.575,-4.84522695034723
12.58,-13.1630682782411
12.585,-0.388549813296009
12.59,-9.60989739647763
12.595,-3.092797333636
12.6,-5.92154249559004
12.605,5.99081360009136
12.61,-7.54986819136477
12.615,-17.3021716603393
12.62,-17.3828414387974
12.625,-8.76610368697563
12.63,-8.54056958902329
12.635,-9.42400845057975
12.64,-12.513181963115
12.645,-11.1097949220683
12.65,-1.22876240442264
12.655,-10.6737306567392
12.66,-14.2861076073708
12.665,0.837081784888127
12.67,-12.6218261544463
12.675,-10.0333541041324
12.68,-6.88022925421271
12.685,-11.6090223050216
12.69,-8.67800723645043
12.695,1.25788669243569
12.7,-3.67272477876818
12.705,-16.8256959762203
12.71,-7.47198198718587
12.715,2.612900234393
12.72,-10.3356414629684
12.725,0.299356451429347
12.73,-9.38443695068441
12.735,-18.8646012408217
12.74,-14.7843780956596
12.745,-13.0960406176369
12.75,-11.8694573481133
12.755,5.41622107309392
12.76,-10.4019456085071
12.765,10.5967915777012
12.77,13.4908153155156
12.775,-0.383156509729176
12.78,-9.72531537056508
12.785,-14.8987905837966
12.79,-12.819536380334
12.795,-11.6569461890888
12.8,8.8400409515561
12.805,14.6408417720172
12.81,-14.632041446993
12.815,-14.9415559234123
12.82,-9.12207051154985
12.825,-0.245680886248792
12.83,-2.90727343513358
12.835,-5.22408525836723
12.84,-12.7025385791634
12.845,-2.27208102046198
12.85,10.9587238459223
12.855,-3.96951690680156
12.86,0.560788609154578
12.865,19.9870529407024
12.87,9.09064924242616
12.875,-11.1482535321182
12.88,-9.62858045304328
12.885,-4.59671574609874
12.89,-1.4657972607847
12.895,-15.0422585308555
12.9,-11.635554792153
12.905,-7.09348613780274
12.91,-10.2673847854304
12.915,-5.9805072417385
12.92,-6.66736590898706
12.925,-12.3599252662896
12.93,14.8778519024222
12.935,6.37684143614424
12.94,-17.413688020109
12.945,-10.1281626916475
12.95,-9.51027975820882
12.955,-3.10662617104725
12.96,-8.69497953750357
12.965,-5.73951493173981
12.97,-7.26253208432166
12.975,-10.3269772305563
12.98,-2.27759763130217
12.985,5.4973341535042
12.99,-5.22971689345657
12.995,-7.82511420393587
13,-6.77831439131847
13.005,-13.5517541048259
13.01,-10.1405445849129
13.015,-10.4983909682697
13.02,-14.7850444935047
13.025,-8.97763231561719
13.03,-1.99881791343465
13.035,-10.8010194386186
13.04,-11.9756957590196
13.045,8.57930034681545
13.05,-7.06481309967349
13.055,-14.7376666824816
13.06,-1.65111369354207
13.065,-8.34264885112061
13.07,2.66546566331139
13.075,-1.79535978673785
13.08,-19.0170457240641
13.085,-3.55658041733757
13.09,-16.4962445221259
13.095,-13.8260559165226
13.1,-6.39925978173085
13.105,-14.6679361631734
13.11,-1.49721329241864
13.115,-0.167123117372824
13.12,-20.6875241199499
13.125,-18.9251431614211
13.13,-11.2408194056542
13.135,-6.9311610614526
13.14,-16.0361981017165
13.145,-12.8680791150308
13.15,-13.3456525538582
13.155,-17.5424578776888
13.16,-18.9204275895385
13.165,5.05155753990691
13.17,-11.0720567899541
13.175,-11.9820358471212
13.18,-13.2819547189397
13.185,-15.2352260407007
13.19,-4.32528839689653
13.195,-21.2273007492925
13.2,-13.7269950593627
13.205,-4.23341471112865
13.21,-16.9884848701392
13.215,-18.244588615143
13.22,-4.56216860922969
13.225,-17.1030577456377
13.23,-7.91102567483617
13.235,-18.0065235186259
13.24,-12.6331202960344
13.245,-2.56993186565541
13.25,-14.2882921428917
13.255,-18.8604097529253
13.26,-16.0040876123283
13.265,-19.0981679156591
13.27,-19.9500510630749
13.275,-19.0610755945741
13.28,-6.94052866818021
13.285,-9.78934200016496
13.29,-11.8278428165022
13.295,-11.8751127436025
13.3,-17.0243410587674
13.305,-10.2006063384449
13.31,-14.3710509104569
13.315,-11.0071307206276
13.32,-17.0451477296721
13.325,-11.8714570188506
13.33,-18.2938263569567
13.335,-12.7486214620284
13.34,6.96565932827653
13.345,-16.7444840342627
13.35,-1.96022455749385
13.355,-14.8071340799319
13.36,-15.0030527233235
13.365,-14.5701031024123
13.37,-7.09756363234636
13.375,-11.590533064667
13.38,-13.9186019789804
13.385,-15.5406097855646
13.39,-11.3509649099733
13.395,-7.17817313469747
13.4,-19.162571407522
13.405,-14.9568863855343
13.41,-19.3395425741375
13.415,-7.33393184802348
13.42,-8.09194055706481
13.425,-4.95492859351204
13.43,-11.8539664852613
13.435,-11.5963102483124
13.44,-10.2641958838083
13.445,-13.2523203888849
13.45,-12.8823389471662
13.455,-2.47010855328142
13.46,-13.5210265741558
13.465,-11.3809539822701
13.47,-5.09971190154708
13.475,10.2312826036185
13.48,-13.5359368134044
13.485,-10.3082486576582
13.49,-5.2920840228137
13.495,-8.12467552439004
13.5,-9.25616487701831
13.505,-3.78898996788985
13.51,-2.11711374593752
13.515,0.526738562179247
13.52,-6.88472988351609
13.525,-1.36037588566079
13.53,-16.9537598133101
13.535,-9.67520164202768
13.54,-17.0438018910559
13.545,-13.9657283167885
13.55,-17.4791695523629
13.555,-17.4546361013851
13.56,-8.6870307783446
13.565,-21.9731585318236
13.57,-3.90782587629293
13.575,-6.75711796287403
13.58,-15.7565458058813
13.585,11.3080530970126
13.59,-10.0713452912336
13.595,-16.3194520049829
13.6,-12.6684237257041
13.605,-16.482409028747
13.61,-6.98979287563246
13.615,-1.86979562473922
13.62,-14.5428926135217
13.625,-14.6993893352633
13.63,-19.3404165634775
13.635,-12.870529570908
13.64,-6.36479465720315
13.645,-17.8462749777269
13.65,-10.4062351927561
13.655,-20.8846892204793
13.66,-5.81615796021532
13.665,-13.8940074381119
13.67,-19.5273660167788
13.675,-14.2954810364911
13.68,-16.2804062118694
13.685,-17.1973618831924
13.69,-17.0931105918027
13.695,-14.5400718156063
13.7,-9.12812875334455
13.705,2.39914322242143
13.71,-8.76159932703425
13.715,-13.2887165651291
13.72,-15.6532642786685
13.725,-20.4842039151437
13.73,-17.5918133394236
13.735,-22.1897649634693
13.74,-14.2673973642192
13.745,-11.6866600257053
13.75,-16.9416760361548
13.755,-19.2735181689221
13.76,-9.09902305788825
13.765,-22.3068879405189
13.77,-9.58054696141303
13.775,-14.0602965082228
13.78,8.24955244213844
13.785,-11.7457448484082
13.79,-14.5204276101699
13.795,-14.8374812046427
13.8,-9.23091592676019
13.805,-8.39469503103351
13.81,-4.64683102309838
13.815,-17.3998034416148
13.82,-16.9221822718233
13.825,-6.15908231888227
13.83,-7.26914939476688
13.835,-9.99635410782681
13.84,-10.2679695337778
13.845,-14.2147650047539
13.85,-15.2164553992762
13.855,-15.479729261668
13.86,-1.40323933330515
13.865,-11.6129841776218
13.87,-13.8187527526694
13.875,-6.06196825333713
13.88,-9.51199786106287
13.885,-9.97661192287186
13.89,-8.49797364986865
13.895,10.2144300326555
13.9,-12.2383941941897
13.905,-9.50668921337267
13.91,-11.7829378368798
13.915,-11.3654595540739
13.92,-12.6762627588079
13.925,-6.98287379749465
13.93,-10.6213065561036
13.935,-12.4469782782942
13.94,-14.9229867279382
13.945,-9.21990140362158
13.95,-13.4734674173886
13.955,-10.377933985102
13.96,-11.8129159310524
13.965,-12.0538910568232
13.97,-7.77826805620739
13.975,-22.0498010776671
13.98,-1.85819584409812
13.985,-9.50582708514879
13.99,-3.95414473483935
13.995,11.5644089642148
14,-18.879105466721
14.005,-14.5789535890361
14.01,-4.67231024994129
14.015,-8.88721045915095
14.02,-12.0806571693402
14.025,-2.73921004797843
14.03,-11.2703011232544
14.035,-10.041115998453
14.04,-13.1964658081154
14.045,4.38957501407328
14.05,2.3638231462246
14.055,-15.7433703066964
14.06,-7.34541037298153
14.065,-2.95256475403184
14.07,-6.77754876032533
14.075,-6.85643622702038
14.08,-17.3460508867499
14.085,-12.2721392965945
14.09,1.54239490857028
14.095,-7.53328860475677
14.1,-15.7571227070874
14.105,-15.7412135733212
14.11,-23.9208363302068
14.115,-17.8454686819965
14.12,-17.1506611695748
14.125,1.18119374748836
14.13,-11.0792898429886
14.135,-12.030132781795
14.14,-23.6249661008089
14.145,-10.3450955634885
14.15,-10.0523880739237
14.155,-7.53366223392658
14.16,-2.28524713016264
14.165,-3.50803809101606
14.17,-9.41328381167182
14.175,2.64006676709228
14.18,-12.5505780862214
14.185,-7.20714578312538
14.19,-8.73884685600555
14.195,2.17531396579901
14.2,0.203594541776553
14.205,-9.73392730633917
14.21,-7.76807227224403
14.215,-7.8324406067043
14.22,-12.5497285383842
14.225,-9.98334722083976
14.23,0.22347527170794
14.235,-6.44297150979894
14.24,-4.49034130742184
14.245,-7.47462025019869
14.25,4.91733565765103
14.255,0.24992640281171
14.26,-5.12572157394508
14.265,-10.3348481485874
14.27,-4.77535855372939
14.275,-10.0200000595832
14.28,-10.8497215197862
14.285,-0.875652493219597
14.29,-4.31923702766369
14.295,-13.8113877943911
14.3,-10.9631652025739
14.305,-4.76917395875302
14.31,-14.1189720530823
14.315,-5.0901740985003
14.32,-6.95794248502297
14.325,-18.7750721600279
14.33,-4.01575362579342
14.335,-5.22848391010515
14.34,-5.20508148419267
14.345,-12.3022981726231
14.35,-10.6505923136905
14.355,-1.74332115347792
14.36,-10.0717597788491
14.365,-8.92452711979281
14.37,7.52164074489878
14.375,-8.61608859430146
14.38,-7.49537459570896
14.385,-3.32898766845818
14.39,-7.91638650033845
14.395,-14.4484345509927
14.4,-5.90125127606304
14.405,0.120152573788729
14.41,-10.4822899353949
14.415,-3.57713778814135
14.42,-0.990675045204775
14.425,-10.0731837076945
14.43,-12.0080671908348
14.435,-1.66780376512538
14.44,-11.6964794917373
14.445,-19.7230664601654
14.45,-7.76115904933578
14.455,-14.7483837171918
14.46,-1.48304995826111
14.465,-16.3384820281809
14.47,-5.21534083481589
14.475,-12.1143579307305
14.48,-7.2893082940458
14.485,-8.57315238759962
14.49,-5.1349892394157
14.495,1.32682115341531
14.5,-2.34968316524416
14.505,-8.29507609077123
14.51,7.84566941187167
14.515,-15.0778949762352
14.52,-7.33472867401004
14.525,-7.00417670582394
14.53,-20.2905533021569
14.535,-3.23531643754909
14.54,-14.7438325345972
14.545,-19.9093962758704
14.55,-9.52531381468482
14.555,-12.409583917601
14.56,-1.24645032449907
14.565,-3.73006899496871
14.57,-7.09656754535904
14.575,6.16529042716161
14.58,-11.6688123880328
14.585,-15.7009911850481
14.59,-9.41385872668637
14.595,-6.53329389748769
14.6,-2.61586649521371
14.605,-8.5523626365303
14.61,-6.81825893113756
14.615,-1.71437739170266
14.62,-6.93023203334739
14.625,-4.03266136320129
14.63,-2.18065352743312
14.635,-21.5116526892825
14.64,-14.3282427497213
14.645,-3.63336441452236
14.65,-12.6854608154114
14.655,4.43404270018132
14.66,-0.80117140193439
14.665,-12.4396495435736
14.67,-5.32166002881068
14.675,-5.76705505671007
14.68,-3.27478687940756
14.685,-12.5831899312931
14.69,0.287279134952307
14.695,-4.74332223901689
14.7,-12.6883128549469
14.705,-11.3058633921553
14.71,-9.89748544610943
14.715,6.38640091397781
14.72,-4.18103092916525
14.725,-6.37168123774634
14.73,-1.81772688378379
14.735,-6.78688064560199
14.74,-4.63494785067738
14.745,-8.62080912894758
14.75,-7.42245340260923
14.755,-7.56020339198827
14.76,-12.5964418435901
14.765,-6.27501123706317
14.77,2.33804408477192
14.775,4.44876168077177
14.78,-7.45609762849452
14.785,-12.6290305006966
14.79,-4.8350913510584
14.795,-9.3217883125303
14.8,-6.87638316040499
14.805,-18.7993967816552
14.81,-10.3692529754911
14.815,-20.2655169345304
14.82,-13.5904119538654
14.825,-15.717592089843
14.83,-13.2873003223265
14.835,-0.00667194748326239
14.84,-9.07345498141011
14.845,-11.794384507644
14.85,-17.2253292344516
14.855,-6.10764838167483
14.86,-10.1154558304941
14.865,-11.8774376237487
14.87,-15.7576239678867
14.875,-15.6485864126068
14.88,-10.1750924730298
14.885,-11.0088752994171
14.89,-13.9100764706445
14.895,-14.3318819379194
14.9,-16.5082927582918
14.905,-15.257063745448
14.91,-14.4225824806572
14.915,-7.3462340800924
14.92,-12.3400193036129
14.925,-11.4873785444672
14.93,-11.3987872665262
14.935,-7.7370448697201
14.94,-14.6230115939563
14.945,-14.3810156964408
14.95,-8.05601256495824
14.955,-14.3625919323705
14.96,-16.8520153225983
14.965,-2.44953723669489
14.97,-16.1626894173497
14.975,-10.5282327375947
14.98,-12.925504984065
14.985,-22.5971766758059
14.99,-8.72428091581253
14.995,-17.1555983379593
15,-15.5856899026714
15.005,4.16145749395724
15.01,-24.1417798733628
15.015,-20.7951164223599
15.02,-10.4882866838014
15.025,-9.57178263700891
15.03,-20.3358893618409
15.035,0.50583487202578
15.04,-19.7576524995554
15.045,-15.1037368232026
15.05,-13.6456521781286
15.055,-10.308759438702
15.06,-17.9495105233879
15.065,-20.420536281813
15.07,-15.6723794408721
15.075,-10.7522952546364
15.08,-12.5317493659273
15.085,-13.7901086208966
15.09,-14.6433660996199
15.095,-9.33340630266943
15.1,-15.8552517555754
15.105,-20.8768116990799
15.11,11.1034437125594
15.115,-16.512067566873
15.12,-16.5087179978118
15.125,-14.2121322629298
15.13,-12.9145865338839
15.135,-22.3528332459125
15.14,-10.3210199519027
15.145,-9.6898736405242
15.15,-13.6448164773526
15.155,-20.0749979199396
15.16,-17.6321954122514
15.165,-2.00066716188086
15.17,-11.9080540072272
15.175,-19.4790716605968
15.18,-20.0349065378577
15.185,-8.60029462991603
15.19,-9.25970424699879
15.195,-20.5064165440709
15.2,-12.5384875059654
15.205,-24.2486521867023
15.21,2.28093380309771
15.215,-13.750437631741
15.22,-13.991800859674
15.225,-17.5618195842028
15.23,-9.27182740127328
15.235,-22.5712103812806
15.24,4.19775788714033
15.245,-12.6353289981897
15.25,-16.0078596197839
15.255,-19.313206997653
15.26,-18.3101146021184
15.265,-3.73983219853913
15.27,-21.2969892472005
15.275,-11.9375538186449
15.28,-21.0437894477479
15.285,-22.6661566097261
15.29,-15.8152095113791
15.295,-21.5275033515566
15.3,-24.414151452671
15.305,-13.4358211467108
15.31,-15.4013970868431
15.315,-16.703416212692
15.32,-3.84123742331939
15.325,-8.15657160693231
15.33,-15.2230458734745
15.335,-11.1125355855314
15.34,-11.6773686395239
15.345,-10.4928345196737
15.35,-24.0322312726297
15.355,-14.1742705983347
15.36,-13.5239155768035
15.365,-22.2010262657921
15.37,-15.6881768794406
15.375,-12.4272704669312
15.38,-17.633419931762
15.385,-12.1873500899034
15.39,-17.985845192377
15.395,-19.0896770851754
15.4,-11.7058962651637
15.405,-16.1220018864887
15.41,-14.2875398962709
15.415,-15.9071739280821
15.42,-26.6407492319673
15.425,-20.5271448864527
15.43,-19.5280510475058
15.435,-13.1859800598192
15.44,-16.4937406675418
15.445,-21.1508206742553
15.45,-12.731484314795
15.455,-12.423810413785
15.46,-15.7326102846857
15.465,-9.8211177511356
15.47,-22.2867653733994
15.475,-10.9624176658392
15.48,-12.4875813594465
15.485,-15.6749760140761
15.49,-7.32683267676116
15.495,-24.6951020632874
15.5,-18.1735457055715
15.505,-21.4428322854119
15.51,-11.4128024503848
15.515,-20.1173571122313
15.52,5.61282084471031
15.525,-10.314669162887
15.53,-10.9313695704022
15.535,1.68154550552709
15.54,-15.5000220104123
15.545,-18.2018366124587
15.55,-12.792700691267
15.555,-18.2911700922934
15.56,-16.1765009883606
15.565,-10.520760357845
15.57,-24.9694097239638
15.575,-4.24409444224815
15.58,-1.08521005330532
15.585,-16.1915766150496
15.59,-17.1620323637667
15.595,-24.6075335150756
15.6,-17.4445309524764
15.605,-22.1726829618645
15.61,-12.7859937232665
15.615,-20.6508591334681
15.62,-8.48037652250741
15.625,-24.1296887510716
15.63,-4.51879355366731
15.635,-14.865300542563
15.64,-15.8149724105338
15.645,-7.34179176681106
15.65,-13.1234760423338
15.655,-18.7144431069082
15.66,-12.9331734112322
15.665,-12.5238745388201
15.67,-13.6530370495456
15.675,-20.4062477854523
15.68,5.1115555068754
15.685,-17.4727646566258
15.69,-9.49078850482195
15.695,-8.56399610653644
15.7,-8.28349602607585
15.705,-6.97584758657555
15.71,-7.67479708865027
15.715,-4.02871423289681
15.72,-17.475403238954
15.725,-17.3832058073495
15.73,-8.08628244959083
15.735,-17.9180875734056
15.74,-19.3315685727577
15.745,-21.1348777436345
15.75,-10.6932627167683
15.755,-15.4264963814707
15.76,-17.5097438815393
15.765,-21.2561730515768
15.77,-0.909604629713982
15.775,-15.401877545586
15.78,-16.4902140832327
15.785,-22.8637575380001
15.79,-16.80763163537
15.795,-23.4593046230928
15.8,-13.6296710261513
15.805,15.1763977273327
15.81,-21.4922562556473
15.815,-17.5110070322491
15.82,-10.7281012815298
15.825,-20.7420940556331
15.83,-9.02818248165489
15.835,-16.0624080347463
15.84,-15.3161198545382
15.845,-9.88751401998752
15.85,-13.0948509879872
15.855,-14.3592546930745
15.86,-4.85332317789252
15.865,-19.5122686591548
15.87,-19.7158768653907
15.875,-16.960713168319
15.88,-1.86473404954123
15.885,-16.9660764665111
15.89,-17.0424552398082
15.895,-9.86707217669854
15.9,-4.67724276587285
15.905,-10.8811168261915
15.91,-3.1944150163213
15.915,-12.8123036757959
15.92,-17.0150311852605
15.925,-11.7984334550858
15.93,0.155346729373349
15.935,-7.06187813391091
15.94,-17.7182087319699
15.945,-6.50867757734509
15.95,-13.5683077382805
15.955,-16.7216084927724
15.96,-10.0157181243712
15.965,-15.430835391044
15.97,-0.18825163853284
15.975,-6.43711418564307
15.98,-10.3426375689647
15.985,-6.16903666950165
15.99,-12.8209553828279
15.995,-7.97535642568667
16,-11.7684725851305
16.005,-18.4364728859052
16.01,-15.5180781503671
16.015,-10.5554127759125
16.02,-17.2019724078578
16.025,-18.0962178930998
16.03,-13.4122848610935
16.035,-19.3230114894962
16.04,-5.7897315292535
16.045,1.54236028765898
16.05,-13.1519483462599
16.055,-12.5373933736054
16.06,-7.68328241324733
16.065,2.81235963205097
16.07,-4.7158750895532
16.075,-11.4380388476451
16.08,-11.8295487340507
16.085,-17.5832691304552
16.09,4.34998410766529
16.095,-12.9017703052978
16.1,-5.4927543303467
16.105,-12.5309073775451
16.11,-8.38633344177088
16.115,-1.12691108237529
16.12,-7.23625203160908
16.125,-4.89336424508749
16.13,-8.43733508163943
16.135,-4.57084406769583
16.14,-5.99330030828813
16.145,-16.499134201942
16.15,-9.66439955757004
16.155,-7.66763472164624
16.16,-5.70799873161999
16.165,11.3630864252462
16.17,-6.03650228734841
16.175,-12.8711948980734
16.18,-8.09169741040298
16.185,-16.6601532642993
16.19,-16.8933706373142
16.195,-13.1219667054335
16.2,-11.8566246121342
16.205,-11.8728570630922
16.21,-14.1004683692387
16.215,-16.495388685849
16.22,-11.7569223676777
16.225,-8.90808546979284
16.23,-15.0901300429271
16.235,-20.0017341091513
16.24,-10.3832613442299
16.245,-25.1640564516178
16.25,7.86070709344936
16.255,-20.566136612706
16.26,-17.5417600280987
16.265,-11.8735311972627
16.27,-20.4571779436992
16.275,-24.5344187842994
16.28,-17.2733929847178
16.285,-23.2862821846842
16.29,-16.2182465621518
16.295,-19.502923701225
16.3,-17.0994330830698
16.305,-6.06812423555626
16.31,-23.2390880361468
16.315,-26.5515720804911
16.32,-14.9145037721451
16.325,-10.2551576162192
16.33,-12.6278276733074
16.335,-17.3575634319101
16.34,-6.66647157101883
16.345,-13.9327208670122
16.35,-10.8515318755843
16.355,-20.980217198203
16.36,-18.1524337146322
16.365,-5.32091271810666
16.37,-22.6449207176077
16.375,-22.7203302726309
16.38,-14.0642397908532
16.385,-8.58930917121408
16.39,0.758964381202162
16.395,-12.9216438656205
16.4,-14.5030900128354
16.405,-23.7315245260822
16.41,-22.9546507565063
16.415,-15.258133254508
16.42,-1.6150190867199
16.425,-1.2968236632614
16.43,-10.1549301535078
16.435,-20.9294141588353
16.44,-20.6678237349937
16.445,-19.8245462351443
16.45,-13.817238226317
16.455,-5.5404536501438
16.46,-10.1466234287145
16.465,-16.3930900202297
16.47,-28.2817076989857
16.475,-9.30113164995627
16.48,-17.9627022354813
16.485,-20.5714940565463
16.49,-23.7919220811497
16.495,-16.283050224588
16.5,-9.30293938823314
16.505,-16.1568245195642
16.51,-31.690810762466
16.515,-19.3904877177419
16.52,-31.2007217182188
16.525,-18.4718986029955
16.53,-25.9961969434604
16.535,-8.39310916657349
16.54,-14.5006028696239
16.545,-15.4954097305427
16.55,-19.6178749518595
16.555,-19.8445767579275
16.56,-24.5768759938763
16.565,-11.5523374244542
16.57,-17.344738255827
16.575,-15.0960158043898
16.58,-19.5814138510938
16.585,-24.2359052479136
16.59,-13.964205335543
16.595,-24.6896803651621
16.6,-15.191193239964
16.605,-14.8454369196144
16.61,-15.1888350241035
16.615,-16.4713951235586
16.62,-16.4480467742172
16.625,-19.4520202536652
16.63,-18.466324086941
16.635,-27.815163025702
16.64,-16.574578260469
16.645,-9.69302478285801
16.65,-28.5777539642632
16.655,-20.1037740568554
16.66,-24.4819708659045
16.665,-12.5583520863599
16.67,-7.83399933210737
16.675,-15.7912992636056
16.68,-17.6316954820425
16.685,-19.2032521390625
16.69,-14.5891665834031
16.695,-19.6984722970238
16.7,-3.19473233578852
16.705,-20.0941893536975
16.71,-18.0345606799423
16.715,-7.36802901390077
16.72,-2.70424141191882
16.725,-15.1132998647277
16.73,-14.2590777206503
16.735,-14.7900003877302
16.74,-3.50595045157974
16.745,-6.27382796630997
16.75,-20.7129725390882
16.755,-6.98339962894811
16.76,-20.1707789367948
16.765,-5.29936660331212
16.77,-17.4125292470281
16.775,-19.4843431719217
16.78,2.09855414542241
16.785,-23.1391030739274
16.79,-21.6804725969255
16.795,-20.3150869695553
16.8,-0.908593679202284
16.805,-19.0951514447989
16.81,-12.7546078307176
16.815,-5.4388859427012
16.82,-12.6414129991676
16.825,-31.00878168468
16.83,-17.941180971437
16.835,-16.77356824051
16.84,-26.0640931139841
16.845,-17.0670545233941
16.85,-13.9549058392998
16.855,-21.4390370365151
16.86,-22.6820773768994
16.865,-25.4685273496314
16.87,-24.8301977982721
16.875,-26.4868289158604
16.88,-11.9696118084469
16.885,-18.2222267566525
16.89,-24.9782051871536
16.895,-22.7143106465395
16.9,-17.173559480377
16.905,-15.4160360559526
16.91,-19.0684634735352
16.915,-20.0024618544486
16.92,-40.2865111000904
16.925,-11.7556486235954
16.93,-15.1545901221603
16.935,-21.9371429540123
16.94,-16.3240839394522
16.945,-30.204179637042
16.95,-17.5486158044838
16.955,-9.8418076948365
16.96,-19.0294012953067
16.965,-33.0386685976522
16.97,-17.7953134181793
16.975,-23.151574846226
16.98,-10.9238636628377
16.985,-21.581697204029
16.99,-21.9202378109803
16.995,-12.1415368703982
17,-18.5517494981478
17.005,-18.9490598425061
17.01,-21.7097536353469
17.015,-6.79910417615255
17.02,-16.1318400336291
17.025,-18.6089706165098
17.03,-14.8144544689322
17.035,-16.701181370953
17.04,-16.4809499671592
17.045,-10.6975474568627
17.05,-15.2531503898687
17.055,-8.21089950284873
17.06,-23.1380330711354
17.065,-22.9619275731992
17.07,-8.34644521520445
17.075,-12.879122962644
17.08,-21.7845229569311
17.085,-7.9002986768823
17.09,-8.6384162345903
17.095,-16.6296264787105
17.1,-19.7893995923281
17.105,-11.5196995054803
17.11,-6.6316123004402
17.115,-16.0932599677075
17.12,-7.40057879615807
17.125,-1.26026642225622
17.13,-16.5801676319407
17.135,-20.4951375822449
17.14,-10.7240151343294
17.145,-20.056965510689
17.15,-22.1413312910538
17.155,-14.2819884112586
17.16,-9.55167971563468
17.165,-14.2281033000198
17.17,-18.3995441540819
17.175,-7.92886646328881
17.18,-27.5310902615368
17.185,-19.370888659872
17.19,-15.2210087948954
17.195,-27.1651958753207
17.2,-24.3795191629312
17.205,-19.3821812422839
17.21,-12.4101561842301
17.215,-23.927787058887
17.22,-14.8543148537487
17.225,-12.0871651224544
17.23,-14.8449669538532
17.235,-13.6095351164057
17.24,-24.7289401328394
17.245,-22.6029557582921
17.25,-17.2010273929172
17.255,-13.7505417932081
17.26,-12.5860288445115
17.265,-18.1511773187378
17.27,-18.1136061431833
17.275,-15.332754371171
17.28,-23.0372932574777
17.285,-3.93149050258383
17.29,-9.41991811981674
17.295,-15.5072810643767
17.3,-6.01591813562482
17.305,3.46385061826871
17.31,-17.3168439815765
17.315,-18.4699104632879
17.32,-21.5721297294765
17.325,-18.6429906435962
17.33,-16.1667368788362
17.335,-1.59777783638881
17.34,-16.7060490637718
17.345,-10.6903710174387
17.35,-14.4012155891165
17.355,-12.0735092457886
17.36,-12.969684715527
17.365,-4.07470026866662
17.37,-2.17148166055523
17.375,-9.15443928733384
17.38,-14.3319715702851
17.385,-18.4180037172893
17.39,-5.57291309748748
17.395,-2.8086730816833
17.4,-8.15345835086821
17.405,-14.4318541823198
17.41,-17.2753770864565
17.415,-19.9056981539579
17.42,-11.1650235023659
17.425,1.60541750305472
17.43,-20.9835664113556
17.435,-7.16226355082217
17.44,-21.6887297458204
17.445,-10.4978578724174
17.45,-3.89067415681151
17.455,-3.37255633663295
17.46,-16.3117704402183
17.465,-15.4900910217093
17.47,-22.9951769215569
17.475,-6.75342957251875
17.48,-12.5962667742359
17.485,-1.83704826827468
17.49,-9.20233006167008
17.495,-22.3361721509552
17.5,-14.6034604655722
17.505,-16.6594279454899
17.51,-11.2807750539325
17.515,-9.38701935990802
17.52,-12.9002409678126
17.525,-6.62090393567458
17.53,-9.25670886569226
17.535,-13.3421008105387
17.54,-9.63276866350493
17.545,-7.74943575882208
17.55,-6.73452059093232
17.555,-0.0121508878267491
17.56,-14.6054685620484
17.565,2.78026832636803
17.57,-10.0642001293606
17.575,3.12073774620313
17.58,9.09083495732757
17.585,-9.89930516903713
17.59,-7.43084556933837
17.595,-1.72866012261292
17.6,-13.8498523766072
17.605,-10.6718337587923
17.61,-5.8268389582183
17.615,-8.80198617449918
17.62,-12.3153095832577
17.625,-7.69433752360172
17.63,-18.7991606807192
17.635,-11.234299021119
17.64,-8.52761120522345
17.645,-7.43621336816923
17.65,-20.3131369846583
17.655,-5.50906883949366
17.66,-0.881526973782428
17.665,-7.1417271862354
17.67,-16.998574904599
17.675,-15.7090146609067
17.68,-5.18282480650011
17.685,-11.3426471416793
17.69,-14.2489590556372
17.695,-10.8154805254484
17.7,-3.42340957378518
17.705,-6.89163918663288
17.71,-6.19731746933957
17.715,11.0388440692088
17.72,4.86818836710664
17.725,-18.5735580885208
17.73,16.7429944704951
17.735,-11.4734488302413
17.74,-12.2346185334424
17.745,-11.9288634351945
17.75,0.4455905271424
17.755,2.65196470390079
17.76,-6.66390897001674
17.765,-13.6185955447364
17.77,0.74972157656093
17.775,1.37157715730493
17.78,-7.21782464527826
17.785,0.864129395738615
17.79,-7.9311474882485
17.795,-10.8968954030972
17.8,-15.3811319305303
17.805,-11.1931466539136
17.81,-13.0157449217609
17.815,-12.5221240020443
17.82,-15.1310244989489
17.825,-5.18434151713878
17.83,4.05847501886148
17.835,-12.458447973893
17.84,7.95912403843731
17.845,-17.518189574796
17.85,3.21512905940845
17.855,-12.1746349891855
17.86,-14.3980745206156
17.865,2.268886744533
17.87,4.0843530131349
17.875,-17.7333093982272
17.88,-9.93576917744132
17.885,-10.0975396106234
17.89,-3.54273623174589
17.895,-15.6312379297114
17.9,3.17625488055935
17.905,-5.16924085471214
17.91,0.625767867625356
17.915,-5.32551191059643
17.92,0.513334112100281
17.925,-9.56219675977729
17.93,-13.4197772980586
17.935,-10.6204646383569
17.94,-5.96074738554453
17.945,-10.3783418856846
17.95,-11.1588214044505
17.955,-8.81249017958824
17.96,2.71556610838324
17.965,4.50966292145573
17.97,-4.63719939533609
17.975,-4.82078345526446
17.98,-5.81480785751078
17.985,-6.66869237173118
17.99,-10.0462996613953
17.995,-4.65188597093753
18,1.54280392098261
18.005,3.27927383874938
18.01,0.517255798508103
18.015,14.6282297664227
18.02,-5.63299232980042
18.025,2.97201764085672
18.03,-4.73020513318009
18.035,3.97496664026168
18.04,-8.07653825052574
18.045,-3.07065919224711
18.05,2.52513982104875
18.055,-6.7570886875118
18.06,7.43322279364708
18.065,-2.13701961295423
18.07,-2.69708136953356
18.075,5.59563185104886
18.08,-11.4780963277141
18.085,0.520613986118953
18.09,4.40016525411615
18.095,-5.36587326791278
18.1,-4.35152905296897
18.105,-8.23570525477869
18.11,-6.36879512811069
18.115,0.547372926431031
18.12,-13.3910496238764
18.125,2.52410059997875
18.13,-7.06721990498679
18.135,3.07101492031461
18.14,9.59177921911876
18.145,-12.727787836692
18.15,0.33186855192023
18.155,-4.4290791024103
18.16,-2.1924939046379
18.165,16.3961642347944
18.17,7.69511472206662
18.175,11.7469132917647
18.18,-12.0892097985365
18.185,-2.33290983558257
18.19,-3.89039822905811
18.195,-7.32938846836733
18.2,-6.72865652396132
18.205,4.82079251571616
18.21,-6.34866700302572
18.215,9.84348157642654
18.22,-2.4804155518916
18.225,3.87284163029399
18.23,-5.57116382696076
18.235,-10.2152245512109
18.24,6.06108549620554
18.245,0.749676233711952
18.25,-6.46706569464724
18.255,-8.51235884595107
18.26,10.0583150530318
18.265,-3.14593654149204
18.27,1.28021650478337
18.275,-0.912312354793301
18.28,-14.8745377261257
18.285,-7.97525457511822
18.29,-3.96206984945452
18.295,-10.7346103958135
18.3,-6.90372248303733
18.305,-2.66706800338595
18.31,0.510285536640708
18.315,-12.8824271403715
18.32,-6.03883539605869
18.325,-5.62634060371703
18.33,-3.33829077806524
18.335,-5.82439487966985
18.34,-1.88505222962323
18.345,0.460831376342689
18.35,-3.82080673393152
18.355,-1.35650879344811
18.36,5.75737010474523
18.365,0.387337872759453
18.37,5.23491479792639
18.375,4.75473633158927
18.38,-7.59526491685828
18.385,-5.50450752418649
18.39,-7.42643391778164
18.395,-1.9831144368359
18.4,-12.2907918221639
18.405,-6.92011266773359
18.41,-9.87764465965866
18.415,5.73665322941798
18.42,-2.66814735560681
18.425,0.909615415442616
18.43,-16.0651390410225
18.435,0.11648587205493
18.44,6.33477278571762
18.445,-9.73475701834776
18.45,1.79744954681156
18.455,-6.97386605867009
18.46,-3.68299818749195
18.465,6.0359099437476
18.47,-3.39398397374491
18.475,2.04712382544513
18.48,-3.39089979427857
18.485,-1.30139329550063
18.49,-3.83365484183174
18.495,2.72049100715683
18.5,-2.9999002866828
18.505,-1.90336127255273
18.51,2.9379030570223
18.515,-3.77361292852724
18.52,-8.20925512530009
18.525,-1.63687047337849
18.53,-6.8194000267681
18.535,-7.54628959430322
18.54,-3.49345048210209
18.545,4.82123920153289
18.55,3.5752888870059
18.555,-0.726600225161846
18.56,-4.708732275953
18.565,-5.46627271055883
18.57,-6.60886501629012
18.575,-11.1356574460237
18.58,-0.00867853889611325
18.585,-5.66870863940908
18.59,8.80628196761128
18.595,-10.6227696508768
18.6,5.00126854926785
18.605,2.32647999628493
18.61,11.2679611715392
18.615,0.839013373777817
18.62,-4.40236248492181
18.625,7.35196809461698
18.63,-2.94468254240866
18.635,3.78622748680483
18.64,2.49410548442399
18.645,3.19994894568424
18.65,-0.261937122219557
18.655,-3.15538951295759
18.66,-5.06505083616781
18.665,12.1568147346504
18.67,3.12521138892656
18.675,-2.69222073833504
18.68,-2.27610241819358
18.685,5.44927476923324
18.69,3.63709133475815
18.695,-9.55584212134558
18.7,2.14009785439148
18.705,-5.86567432779749
18.71,-3.01597958066923
18.715,-7.54568796609571
18.72,1.68597524265381
18.725,1.40033218840641
18.73,8.32563914238304
18.735,-6.17482185953634
18.74,-3.44719312784443
18.745,-6.03228822244815
18.75,-1.21122475291659
18.755,-3.26777290035555
18.76,-4.88467216953255
18.765,12.959527154024
18.77,5.0605299084168
18.775,2.32293133164006
18.78,-2.78537201911507
18.785,-4.60678451041785
18.79,3.31792481185921
18.795,7.27075790626216
18.8,3.99320812460546
18.805,-6.7866192616271
18.81,4.38868487385302
18.815,-3.5334365320675
18.82,-0.884716405771272
18.825,-7.10364736926673
18.83,-2.4699317375748
18.835,0.0640347257103002
18.84,3.61390366264116
18.845,2.6057016269469
18.85,-7.4438490276072
18.855,-8.69352603914542
18.86,8.51691547363639
18.865,-8.27713255342186
18.87,-0.0163682343660838
18.875,-11.0366490686303
18.88,-2.95975585574449
18.885,-9.27502448598192
18.89,-2.72894946211377
18.895,-7.17184499166089
18.9,-4.10706849047538
18.905,-7.80458813225936
18.91,-3.93839553838811
18.915,0.135826157097938
18.92,11.8220506584587
18.925,-0.878679149423419
18.93,-6.13275974978333
18.935,-1.92063242786764
18.94,2.52088244362173
18.945,5.97260774669753
18.95,-10.0785087698523
18.955,-3.4632659690773
18.96,-0.0172136857351717
18.965,-2.9445044065489
18.97,0.819734285054523
18.975,8.86247094147997
18.98,-9.43784706514995
18.985,-4.29463905841509
18.99,-0.135061276707873
18.995,-8.49780643451681
19,2.11792744290426
19.005,-9.95608406162685
19.01,-4.65345036169268
19.015,-6.06683152538211
19.02,11.4176812911812
19.025,-4.81261608026282
19.03,4.87768516334567
19.035,-8.38351456566338
19.04,4.26833862918645
19.045,-6.72516213614761
19.05,-3.00556284792525
19.055,-0.505920791343733
19.06,9.41579959416629
19.065,-8.42289707471122
19.07,-6.10169042626942
19.075,-6.00269643720496
19.08,5.07020036275656
19.085,-12.9685789280652
19.09,0.238695764453318
19.095,-0.728121458694716
19.1,-7.10840299566861
19.105,16.9775078911639
19.11,-5.4227437871786
19.115,12.0556151208017
19.12,11.0011592811695
19.125,5.03425478732257
19.13,6.01963873325874
19.135,4.25247831519914
19.14,-1.09713787804667
19.145,1.83976994840209
19.15,1.0014001655577
